Country Name,Country Code,Series Name,Series Code,2011 [YR2011],2014 [YR2014],2017 [YR2017],2021 [YR2021],2022 [YR2022]
Afghanistan,AFG,Account (% age 15+),account.t.d,9.01,9.96,14.89,9.65,..
Afghanistan,AFG,"Account, female (% age 15+)",account.t.d.1,2.62,3.81,7.16,4.7,..
Afghanistan,AFG,"Account, male (% age 15+)",account.t.d.2,15.42,15.78,22.54,14.79,..
Afghanistan,AFG,Borrowed any money (% age 15+),borrow.any,..,34.86,33.92,67.97,..
Afghanistan,AFG,Made a digital payment (% age 15+),g20.made.t.d,..,3.78,3.76,4.71,..
Afghanistan,AFG,Saved any money (% age 15+),save.any,..,25.77,14.02,5.62,..
Albania,ALB,Account (% age 15+),account.t.d,28.27,37.99,40.02,44.17,..
Albania,ALB,"Account, female (% age 15+)",account.t.d.1,22.67,33.59,38.1,45.69,..
Albania,ALB,"Account, male (% age 15+)",account.t.d.2,33.66,42.52,42.04,42.59,..
Albania,ALB,Borrowed any money (% age 15+),borrow.any,..,56.78,42.97,42.69,..
Albania,ALB,Made a digital payment (% age 15+),g20.made.t.d,..,12.25,14.41,17.65,..
Albania,ALB,Saved any money (% age 15+),save.any,..,38.37,25.88,31.79,..
Algeria,DZA,Account (% age 15+),account.t.d,33.29,50.48,42.78,44.1,..
Algeria,DZA,"Account, female (% age 15+)",account.t.d.1,20.41,40.07,29.27,31.19,..
Algeria,DZA,"Account, male (% age 15+)",account.t.d.2,46.13,60.91,56.25,56.83,..
Algeria,DZA,Borrowed any money (% age 15+),borrow.any,..,25.79,28.87,37.59,..
Algeria,DZA,Made a digital payment (% age 15+),g20.made.t.d,..,11.71,15.57,12.76,..
Algeria,DZA,Saved any money (% age 15+),save.any,..,45.31,38.66,45.69,..
Angola,AGO,Account (% age 15+),account.t.d,39.2,29.32,..,..,..
Angola,AGO,"Account, female (% age 15+)",account.t.d.1,38.93,22.33,..,..,..
Angola,AGO,"Account, male (% age 15+)",account.t.d.2,39.48,36.13,..,..,..
Angola,AGO,Borrowed any money (% age 15+),borrow.any,..,30.84,..,..,..
Angola,AGO,Made a digital payment (% age 15+),g20.made.t.d,..,19.18,..,..,..
Angola,AGO,Saved any money (% age 15+),save.any,..,53.06,..,..,..
Argentina,ARG,Account (% age 15+),account.t.d,33.13,50.2,48.71,71.63,..
Argentina,ARG,"Account, female (% age 15+)",account.t.d.1,31.82,50.85,50.76,73.75,..
Argentina,ARG,"Account, male (% age 15+)",account.t.d.2,34.61,49.46,46.47,69.56,..
Argentina,ARG,Borrowed any money (% age 15+),borrow.any,..,33.7,37.5,51.56,..
Argentina,ARG,Made a digital payment (% age 15+),g20.made.t.d,..,31.28,31.87,59.14,..
Argentina,ARG,Saved any money (% age 15+),save.any,..,23.14,30.31,38.72,..
Armenia,ARM,Account (% age 15+),account.t.d,17.49,17.67,47.76,55.35,..
Armenia,ARM,"Account, female (% age 15+)",account.t.d.1,18.15,14.74,40.91,52.18,..
Armenia,ARM,"Account, male (% age 15+)",account.t.d.2,16.72,21.12,55.75,59.38,..
Armenia,ARM,Borrowed any money (% age 15+),borrow.any,..,48.02,55.32,57.31,..
Armenia,ARM,Made a digital payment (% age 15+),g20.made.t.d,..,7.23,31.87,40.34,..
Armenia,ARM,Saved any money (% age 15+),save.any,..,21,31.25,38.56,..
Australia,AUS,Account (% age 15+),account.t.d,99.06,98.86,99.52,99.32,..
Australia,AUS,"Account, female (% age 15+)",account.t.d.1,98.59,99.04,99.2,100,..
Australia,AUS,"Account, male (% age 15+)",account.t.d.2,99.59,98.67,99.85,98.59,..
Australia,AUS,Borrowed any money (% age 15+),borrow.any,..,76.1,71.72,67,..
Australia,AUS,Made a digital payment (% age 15+),g20.made.t.d,..,93.22,93.58,97.43,..
Australia,AUS,Saved any money (% age 15+),save.any,..,81.47,79.29,82.98,..
Austria,AUT,Account (% age 15+),account.t.d,97.08,96.73,98.16,99.95,..
Austria,AUT,"Account, female (% age 15+)",account.t.d.1,96.56,97.37,98.38,100,..
Austria,AUT,"Account, male (% age 15+)",account.t.d.2,97.74,96.06,97.93,99.9,..
Austria,AUT,Borrowed any money (% age 15+),borrow.any,..,57.26,61.6,64.01,..
Austria,AUT,Made a digital payment (% age 15+),g20.made.t.d,..,90.29,93.52,99.23,..
Austria,AUT,Saved any money (% age 15+),save.any,..,79.6,79.6,92,..
Azerbaijan,AZE,Account (% age 15+),account.t.d,14.9,29.15,28.57,..,46.26
Azerbaijan,AZE,"Account, female (% age 15+)",account.t.d.1,14.26,25.9,27.72,..,38.84
Azerbaijan,AZE,"Account, male (% age 15+)",account.t.d.2,15.62,32.61,29.44,..,54.59
Azerbaijan,AZE,Borrowed any money (% age 15+),borrow.any,..,49.78,50.61,..,55.08
Azerbaijan,AZE,Made a digital payment (% age 15+),g20.made.t.d,..,8.9,10.39,..,27.71
Azerbaijan,AZE,Saved any money (% age 15+),save.any,..,39.54,26.78,..,19.47
Bahrain,BHR,Account (% age 15+),account.t.d,64.51,81.94,82.61,..,..
Bahrain,BHR,"Account, female (% age 15+)",account.t.d.1,48.78,66.74,75.41,..,..
Bahrain,BHR,"Account, male (% age 15+)",account.t.d.2,78.98,90.25,86.31,..,..
Bahrain,BHR,Borrowed any money (% age 15+),borrow.any,..,67.78,60.2,..,..
Bahrain,BHR,Made a digital payment (% age 15+),g20.made.t.d,..,63.65,68.65,..,..
Bahrain,BHR,Saved any money (% age 15+),save.any,..,65.29,54.89,..,..
Bangladesh,BGD,Account (% age 15+),account.t.d,31.74,30.99,50.05,52.81,..
Bangladesh,BGD,"Account, female (% age 15+)",account.t.d.1,26.01,26.45,35.84,43.46,..
Bangladesh,BGD,"Account, male (% age 15+)",account.t.d.2,37.29,35.37,64.59,62.86,..
Bangladesh,BGD,Borrowed any money (% age 15+),borrow.any,..,48.37,36.79,46.13,..
Bangladesh,BGD,Made a digital payment (% age 15+),g20.made.t.d,..,5.94,30.13,40.58,..
Bangladesh,BGD,Saved any money (% age 15+),save.any,..,23.91,27.52,23.36,..
Belarus,BLR,Account (% age 15+),account.t.d,58.6,71.98,81.16,..,..
Belarus,BLR,"Account, female (% age 15+)",account.t.d.1,58.07,71.96,81.34,..,..
Belarus,BLR,"Account, male (% age 15+)",account.t.d.2,59.24,72.02,80.93,..,..
Belarus,BLR,Borrowed any money (% age 15+),borrow.any,..,42.62,48.64,..,..
Belarus,BLR,Made a digital payment (% age 15+),g20.made.t.d,..,46.29,69.34,..,..
Belarus,BLR,Saved any money (% age 15+),save.any,..,50.39,50.43,..,..
Belgium,BEL,Account (% age 15+),account.t.d,96.31,98.13,98.64,99.01,..
Belgium,BEL,"Account, female (% age 15+)",account.t.d.1,97.18,99.51,98.82,98.65,..
Belgium,BEL,"Account, male (% age 15+)",account.t.d.2,95.3,96.69,98.45,99.37,..
Belgium,BEL,Borrowed any money (% age 15+),borrow.any,..,55.36,54.45,56.28,..
Belgium,BEL,Made a digital payment (% age 15+),g20.made.t.d,..,93.48,96.33,97.26,..
Belgium,BEL,Saved any money (% age 15+),save.any,..,74.69,69.91,71.64,..
Belize,BLZ,Account (% age 15+),account.t.d,..,48.21,..,..,..
Belize,BLZ,"Account, female (% age 15+)",account.t.d.1,..,52.28,..,..,..
Belize,BLZ,"Account, male (% age 15+)",account.t.d.2,..,44.09,..,..,..
Belize,BLZ,Borrowed any money (% age 15+),borrow.any,..,55.17,..,..,..
Belize,BLZ,Made a digital payment (% age 15+),g20.made.t.d,..,16.71,..,..,..
Belize,BLZ,Saved any money (% age 15+),save.any,..,59.51,..,..,..
Benin,BEN,Account (% age 15+),account.t.d,10.46,16.62,38.49,48.61,..
Benin,BEN,"Account, female (% age 15+)",account.t.d.1,9.81,13.6,28.59,39.79,..
Benin,BEN,"Account, male (% age 15+)",account.t.d.2,11.15,19.76,48.62,58.17,..
Benin,BEN,Borrowed any money (% age 15+),borrow.any,..,39.68,46.28,47.18,..
Benin,BEN,Made a digital payment (% age 15+),g20.made.t.d,..,4.82,24.99,42.01,..
Benin,BEN,Saved any money (% age 15+),save.any,..,61.1,49.34,47.04,..
Bhutan,BTN,Account (% age 15+),account.t.d,..,33.67,..,..,..
Bhutan,BTN,"Account, female (% age 15+)",account.t.d.1,..,27.68,..,..,..
Bhutan,BTN,"Account, male (% age 15+)",account.t.d.2,..,38.99,..,..,..
Bhutan,BTN,Borrowed any money (% age 15+),borrow.any,..,18.38,..,..,..
Bhutan,BTN,Made a digital payment (% age 15+),g20.made.t.d,..,12.91,..,..,..
Bhutan,BTN,Saved any money (% age 15+),save.any,..,32.75,..,..,..
Bolivia,BOL,Account (% age 15+),account.t.d,28.03,41.8,54.41,68.89,..
Bolivia,BOL,"Account, female (% age 15+)",account.t.d.1,25.11,38.04,53.85,63.29,..
Bolivia,BOL,"Account, male (% age 15+)",account.t.d.2,31.12,45.76,54.98,74.04,..
Bolivia,BOL,Borrowed any money (% age 15+),borrow.any,..,37.05,44.64,48.16,..
Bolivia,BOL,Made a digital payment (% age 15+),g20.made.t.d,..,20.77,33.05,47.94,..
Bolivia,BOL,Saved any money (% age 15+),save.any,..,64.45,54.83,55.99,..
Bosnia and Herzegovina,BIH,Account (% age 15+),account.t.d,56.21,52.69,58.84,79.34,..
Bosnia and Herzegovina,BIH,"Account, female (% age 15+)",account.t.d.1,47.72,47.06,54.74,70.37,..
Bosnia and Herzegovina,BIH,"Account, male (% age 15+)",account.t.d.2,67.23,58.82,63.18,88.71,..
Bosnia and Herzegovina,BIH,Borrowed any money (% age 15+),borrow.any,..,27.92,23.76,41.91,..
Bosnia and Herzegovina,BIH,Made a digital payment (% age 15+),g20.made.t.d,..,23.38,32.43,51.09,..
Bosnia and Herzegovina,BIH,Saved any money (% age 15+),save.any,..,25.62,21.2,48.75,..
Botswana,BWA,Account (% age 15+),account.t.d,30.26,51.96,51.03,..,58.76
Botswana,BWA,"Account, female (% age 15+)",account.t.d.1,28.36,48.74,46.79,..,53.86
Botswana,BWA,"Account, male (% age 15+)",account.t.d.2,32.16,55.23,56.21,..,64.29
Botswana,BWA,Borrowed any money (% age 15+),borrow.any,..,70,37.49,..,43.26
Botswana,BWA,Made a digital payment (% age 15+),g20.made.t.d,..,37.51,34.32,..,46.28
Botswana,BWA,Saved any money (% age 15+),save.any,..,58.17,46.84,..,52.04
Brazil,BRA,Account (% age 15+),account.t.d,55.86,68.12,70.04,84.04,..
Brazil,BRA,"Account, female (% age 15+)",account.t.d.1,51.02,64.77,67.51,80.87,..
Brazil,BRA,"Account, male (% age 15+)",account.t.d.2,61.1,71.69,72.85,87.05,..
Brazil,BRA,Borrowed any money (% age 15+),borrow.any,..,40.27,39.98,58.76,..
Brazil,BRA,Made a digital payment (% age 15+),g20.made.t.d,..,46.96,45.89,70.74,..
Brazil,BRA,Saved any money (% age 15+),save.any,..,27.97,32.49,46.24,..
Bulgaria,BGR,Account (% age 15+),account.t.d,52.82,62.99,72.2,83.97,..
Bulgaria,BGR,"Account, female (% age 15+)",account.t.d.1,55.45,63.16,73.64,84.32,..
Bulgaria,BGR,"Account, male (% age 15+)",account.t.d.2,49.9,62.8,70.62,83.59,..
Bulgaria,BGR,Borrowed any money (% age 15+),borrow.any,..,36.21,37.55,47.77,..
Bulgaria,BGR,Made a digital payment (% age 15+),g20.made.t.d,..,38.07,41.24,68.33,..
Bulgaria,BGR,Saved any money (% age 15+),save.any,..,27.3,41.32,52.26,..
Burkina Faso,BFA,Account (% age 15+),account.t.d,13.35,14.36,43.16,36.11,..
Burkina Faso,BFA,"Account, female (% age 15+)",account.t.d.1,10.81,12.65,34.5,30.68,..
Burkina Faso,BFA,"Account, male (% age 15+)",account.t.d.2,15.7,16.08,51.28,42.35,..
Burkina Faso,BFA,Borrowed any money (% age 15+),borrow.any,..,46.76,52.33,48.37,..
Burkina Faso,BFA,Made a digital payment (% age 15+),g20.made.t.d,..,6.1,33.58,31.08,..
Burkina Faso,BFA,Saved any money (% age 15+),save.any,..,50.82,53.93,47.98,..
Burundi,BDI,Account (% age 15+),account.t.d,7.24,7.11,..,..,..
Burundi,BDI,"Account, female (% age 15+)",account.t.d.1,5.93,6.73,..,..,..
Burundi,BDI,"Account, male (% age 15+)",account.t.d.2,8.62,7.5,..,..,..
Burundi,BDI,Borrowed any money (% age 15+),borrow.any,..,60.41,..,..,..
Burundi,BDI,Made a digital payment (% age 15+),g20.made.t.d,..,2.24,..,..,..
Burundi,BDI,Saved any money (% age 15+),save.any,..,34.9,..,..,..
Cambodia,KHM,Account (% age 15+),account.t.d,3.66,22.17,21.67,33.39,..
Cambodia,KHM,"Account, female (% age 15+)",account.t.d.1,3.71,20.5,21.53,32.52,..
Cambodia,KHM,"Account, male (% age 15+)",account.t.d.2,3.6,24.29,21.85,34.41,..
Cambodia,KHM,Borrowed any money (% age 15+),borrow.any,..,62.06,58.71,55.02,..
Cambodia,KHM,Made a digital payment (% age 15+),g20.made.t.d,..,15.61,12.47,19.06,..
Cambodia,KHM,Saved any money (% age 15+),save.any,..,67,51.55,32.22,..
Cameroon,CMR,Account (% age 15+),account.t.d,14.81,12.18,34.59,51.65,..
Cameroon,CMR,"Account, female (% age 15+)",account.t.d.1,10.88,10.18,30.03,49.25,..
Cameroon,CMR,"Account, male (% age 15+)",account.t.d.2,18.81,14.18,39.24,54.15,..
Cameroon,CMR,Borrowed any money (% age 15+),borrow.any,..,56.69,52.7,58.56,..
Cameroon,CMR,Made a digital payment (% age 15+),g20.made.t.d,..,4.82,24.5,47.58,..
Cameroon,CMR,Saved any money (% age 15+),save.any,..,63.96,56.97,59.03,..
Canada,CAN,Account (% age 15+),account.t.d,95.8,99.1,99.73,99.63,..
Canada,CAN,"Account, female (% age 15+)",account.t.d.1,97.23,99.2,99.85,99.51,..
Canada,CAN,"Account, male (% age 15+)",account.t.d.2,94.28,99,99.59,99.77,..
Canada,CAN,Borrowed any money (% age 15+),borrow.any,..,85.03,88.19,86.13,..
Canada,CAN,Made a digital payment (% age 15+),g20.made.t.d,..,94.95,97.03,98.08,..
Canada,CAN,Saved any money (% age 15+),save.any,..,82.21,80.07,78.15,..
Central African Republic,CAF,Account (% age 15+),account.t.d,3.3,..,13.75,..,..
Central African Republic,CAF,"Account, female (% age 15+)",account.t.d.1,3.41,..,9.72,..,..
Central African Republic,CAF,"Account, male (% age 15+)",account.t.d.2,3.19,..,18.08,..,..
Central African Republic,CAF,Borrowed any money (% age 15+),borrow.any,..,..,36.66,..,..
Central African Republic,CAF,Made a digital payment (% age 15+),g20.made.t.d,..,..,6.36,..,..
Central African Republic,CAF,Saved any money (% age 15+),save.any,..,..,39.73,..,..
Chad,TCD,Account (% age 15+),account.t.d,8.96,12.43,21.76,..,23.65
Chad,TCD,"Account, female (% age 15+)",account.t.d.1,6.77,7.83,14.85,..,22.56
Chad,TCD,"Account, male (% age 15+)",account.t.d.2,11.46,17.46,29.03,..,24.86
Chad,TCD,Borrowed any money (% age 15+),borrow.any,..,41.02,38.13,..,55.53
Chad,TCD,Made a digital payment (% age 15+),g20.made.t.d,..,6.5,17.32,..,16.23
Chad,TCD,Saved any money (% age 15+),save.any,..,48.58,26.88,..,38.35
Chile,CHL,Account (% age 15+),account.t.d,42.18,63.26,74.35,87.06,..
Chile,CHL,"Account, female (% age 15+)",account.t.d.1,40.97,59.16,71.27,86.62,..
Chile,CHL,"Account, male (% age 15+)",account.t.d.2,43.44,67.82,77.75,87.56,..
Chile,CHL,Borrowed any money (% age 15+),borrow.any,..,39.79,45.37,43.69,..
Chile,CHL,Made a digital payment (% age 15+),g20.made.t.d,..,47.01,56.43,77.57,..
Chile,CHL,Saved any money (% age 15+),save.any,..,35.95,49.18,58.09,..
China,CHN,Account (% age 15+),account.t.d,63.82,78.93,79.53,88.71,..
China,CHN,"Account, female (% age 15+)",account.t.d.1,60.01,76.36,75.66,87.34,..
China,CHN,"Account, male (% age 15+)",account.t.d.2,67.58,81.42,83.36,89.92,..
China,CHN,Borrowed any money (% age 15+),borrow.any,..,43.23,44.81,55.71,..
China,CHN,Made a digital payment (% age 15+),g20.made.t.d,..,37.64,59.42,84.54,..
China,CHN,Saved any money (% age 15+),save.any,..,72.05,49.74,60.79,..
Colombia,COL,Account (% age 15+),account.t.d,30.43,39,45.76,59.72,..
Colombia,COL,"Account, female (% age 15+)",account.t.d.1,25.35,33.95,42.47,56.2,..
Colombia,COL,"Account, male (% age 15+)",account.t.d.2,35.94,44.42,49.45,63.51,..
Colombia,COL,Borrowed any money (% age 15+),borrow.any,..,43.14,41.3,48.24,..
Colombia,COL,Made a digital payment (% age 15+),g20.made.t.d,..,23.85,28.55,42.29,..
Colombia,COL,Saved any money (% age 15+),save.any,..,43.86,38.76,31.9,..
Comoros,COM,Account (% age 15+),account.t.d,21.69,..,..,..,34.25
Comoros,COM,"Account, female (% age 15+)",account.t.d.1,17.89,..,..,..,29.33
Comoros,COM,"Account, male (% age 15+)",account.t.d.2,25.7,..,..,..,40.38
Comoros,COM,Borrowed any money (% age 15+),borrow.any,..,..,..,..,41.61
Comoros,COM,Made a digital payment (% age 15+),g20.made.t.d,..,..,..,..,14.6
Comoros,COM,Saved any money (% age 15+),save.any,..,..,..,..,40.8
"Congo, Dem. Rep.",COD,Account (% age 15+),account.t.d,3.7,17.48,25.83,..,27.44
"Congo, Dem. Rep.",COD,"Account, female (% age 15+)",account.t.d.1,2.75,14.32,24.22,..,20.5
"Congo, Dem. Rep.",COD,"Account, male (% age 15+)",account.t.d.2,4.66,20.67,27.39,..,34.19
"Congo, Dem. Rep.",COD,Borrowed any money (% age 15+),borrow.any,..,57.08,34.85,..,51.17
"Congo, Dem. Rep.",COD,Made a digital payment (% age 15+),g20.made.t.d,..,9.09,19.83,..,24.14
"Congo, Dem. Rep.",COD,Saved any money (% age 15+),save.any,..,65.2,38.94,..,36.37
"Congo, Rep.",COG,Account (% age 15+),account.t.d,10.05,17.07,26.09,47.14,..
"Congo, Rep.",COG,"Account, female (% age 15+)",account.t.d.1,7.56,14.96,20.99,43.79,..
"Congo, Rep.",COG,"Account, male (% age 15+)",account.t.d.2,12.51,19.16,31.22,50.61,..
"Congo, Rep.",COG,Borrowed any money (% age 15+),borrow.any,..,42.2,40.4,41.58,..
"Congo, Rep.",COG,Made a digital payment (% age 15+),g20.made.t.d,..,6.39,14.17,42.6,..
"Congo, Rep.",COG,Saved any money (% age 15+),save.any,..,55.9,45.67,45.57,..
Costa Rica,CRI,Account (% age 15+),account.t.d,50.36,64.55,67.84,68.49,..
Costa Rica,CRI,"Account, female (% age 15+)",account.t.d.1,40.66,60.24,60.88,61.08,..
Costa Rica,CRI,"Account, male (% age 15+)",account.t.d.2,60.2,69.22,75.46,76.34,..
Costa Rica,CRI,Borrowed any money (% age 15+),borrow.any,..,44.16,35.56,37.8,..
Costa Rica,CRI,Made a digital payment (% age 15+),g20.made.t.d,..,42.81,46.37,52.79,..
Costa Rica,CRI,Saved any money (% age 15+),save.any,..,59.36,57.84,47.33,..
Cote d'Ivoire,CIV,Account (% age 15+),account.t.d,..,34.32,41.33,50.76,..
Cote d'Ivoire,CIV,"Account, female (% age 15+)",account.t.d.1,..,29.16,35.56,37.44,..
Cote d'Ivoire,CIV,"Account, male (% age 15+)",account.t.d.2,..,39.2,46.6,64.01,..
Cote d'Ivoire,CIV,Borrowed any money (% age 15+),borrow.any,..,48.69,39.17,46.17,..
Cote d'Ivoire,CIV,Made a digital payment (% age 15+),g20.made.t.d,..,27.56,35.39,45.92,..
Cote d'Ivoire,CIV,Saved any money (% age 15+),save.any,..,63.23,48.98,42.79,..
Croatia,HRV,Account (% age 15+),account.t.d,88.39,86.03,86.14,91.8,..
Croatia,HRV,"Account, female (% age 15+)",account.t.d.1,87.18,87.69,82.7,89.96,..
Croatia,HRV,"Account, male (% age 15+)",account.t.d.2,89.72,84.25,89.84,93.93,..
Croatia,HRV,Borrowed any money (% age 15+),borrow.any,..,61.4,51.17,46.51,..
Croatia,HRV,Made a digital payment (% age 15+),g20.made.t.d,..,62.87,75.11,74.98,..
Croatia,HRV,Saved any money (% age 15+),save.any,..,51.84,46.93,48.98,..
Cyprus,CYP,Account (% age 15+),account.t.d,85.24,90.15,88.72,93.13,..
Cyprus,CYP,"Account, female (% age 15+)",account.t.d.1,83.07,90.29,90.01,92.7,..
Cyprus,CYP,"Account, male (% age 15+)",account.t.d.2,87.62,90,87.32,93.62,..
Cyprus,CYP,Borrowed any money (% age 15+),borrow.any,..,48.55,43.92,48.95,..
Cyprus,CYP,Made a digital payment (% age 15+),g20.made.t.d,..,55.53,65.52,78.61,..
Cyprus,CYP,Saved any money (% age 15+),save.any,..,41.24,43.57,45.14,..
Czechia,CZE,Account (% age 15+),account.t.d,80.65,82.18,80.99,94.94,..
Czechia,CZE,"Account, female (% age 15+)",account.t.d.1,80.51,79.37,78.58,93.44,..
Czechia,CZE,"Account, male (% age 15+)",account.t.d.2,80.8,85.16,83.58,96.48,..
Czechia,CZE,Borrowed any money (% age 15+),borrow.any,..,42.18,39.26,41.61,..
Czechia,CZE,Made a digital payment (% age 15+),g20.made.t.d,..,73.31,76.4,93.1,..
Czechia,CZE,Saved any money (% age 15+),save.any,..,62.63,67.32,81.82,..
Denmark,DNK,Account (% age 15+),account.t.d,99.74,100,99.92,100,..
Denmark,DNK,"Account, female (% age 15+)",account.t.d.1,99.5,100,100,100,..
Denmark,DNK,"Account, male (% age 15+)",account.t.d.2,100,100,99.83,100,..
Denmark,DNK,Borrowed any money (% age 15+),borrow.any,..,52.55,53.48,62.55,..
Denmark,DNK,Made a digital payment (% age 15+),g20.made.t.d,..,98.12,98.49,99.93,..
Denmark,DNK,Saved any money (% age 15+),save.any,..,81.17,79.87,84.57,..
Djibouti,DJI,Account (% age 15+),account.t.d,12.27,..,..,..,..
Djibouti,DJI,"Account, female (% age 15+)",account.t.d.1,8.76,..,..,..,..
Djibouti,DJI,"Account, male (% age 15+)",account.t.d.2,16.63,..,..,..,..
Djibouti,DJI,Borrowed any money (% age 15+),borrow.any,..,..,..,..,..
Djibouti,DJI,Made a digital payment (% age 15+),g20.made.t.d,..,..,..,..,..
Djibouti,DJI,Saved any money (% age 15+),save.any,..,..,..,..,..
Dominican Republic,DOM,Account (% age 15+),account.t.d,38.2,54.09,56.24,51.3,..
Dominican Republic,DOM,"Account, female (% age 15+)",account.t.d.1,37.38,55.95,54.14,48.96,..
Dominican Republic,DOM,"Account, male (% age 15+)",account.t.d.2,39.18,52.19,58.36,53.7,..
Dominican Republic,DOM,Borrowed any money (% age 15+),borrow.any,..,55.86,51.13,45.09,..
Dominican Republic,DOM,Made a digital payment (% age 15+),g20.made.t.d,..,22.23,33.22,26.43,..
Dominican Republic,DOM,Saved any money (% age 15+),save.any,..,57.26,51.89,37.52,..
Ecuador,ECU,Account (% age 15+),account.t.d,36.74,46.21,51.25,64.18,..
Ecuador,ECU,"Account, female (% age 15+)",account.t.d.1,33.16,40.82,42.61,57.95,..
Ecuador,ECU,"Account, male (% age 15+)",account.t.d.2,40.46,51.87,60.24,70.59,..
Ecuador,ECU,Borrowed any money (% age 15+),borrow.any,..,25.64,31.93,47.1,..
Ecuador,ECU,Made a digital payment (% age 15+),g20.made.t.d,..,15.89,22.03,39.86,..
Ecuador,ECU,Saved any money (% age 15+),save.any,..,32.08,33.91,38.82,..
"Egypt, Arab Rep.",EGY,Account (% age 15+),account.t.d,9.72,14.13,32.78,27.44,..
"Egypt, Arab Rep.",EGY,"Account, female (% age 15+)",account.t.d.1,6.52,9.31,26.99,24.2,..
"Egypt, Arab Rep.",EGY,"Account, male (% age 15+)",account.t.d.2,12.81,18.76,38.65,30.57,..
"Egypt, Arab Rep.",EGY,Borrowed any money (% age 15+),borrow.any,..,35.15,49.06,46.44,..
"Egypt, Arab Rep.",EGY,Made a digital payment (% age 15+),g20.made.t.d,..,5.36,5.88,8.2,..
"Egypt, Arab Rep.",EGY,Saved any money (% age 15+),save.any,..,25.93,30.64,20.79,..
El Salvador,SLV,Account (% age 15+),account.t.d,13.76,36.72,30.35,35.85,..
El Salvador,SLV,"Account, female (% age 15+)",account.t.d.1,10.13,31.91,24.38,29.23,..
El Salvador,SLV,"Account, male (% age 15+)",account.t.d.2,17.62,41.87,37.58,44.8,..
El Salvador,SLV,Borrowed any money (% age 15+),borrow.any,..,45.67,22.59,29.81,..
El Salvador,SLV,Made a digital payment (% age 15+),g20.made.t.d,..,21.34,18.25,18.48,..
El Salvador,SLV,Saved any money (% age 15+),save.any,..,57.54,37.93,38.35,..
Estonia,EST,Account (% age 15+),account.t.d,96.82,97.67,97.99,99.38,..
Estonia,EST,"Account, female (% age 15+)",account.t.d.1,97.26,97.47,98.38,99.6,..
Estonia,EST,"Account, male (% age 15+)",account.t.d.2,96.29,97.92,97.55,99.12,..
Estonia,EST,Borrowed any money (% age 15+),borrow.any,..,48.56,39.69,46.83,..
Estonia,EST,Made a digital payment (% age 15+),g20.made.t.d,..,94.21,94.37,97.72,..
Estonia,EST,Saved any money (% age 15+),save.any,..,51.76,67.26,77.77,..
Eswatini,SWZ,Account (% age 15+),account.t.d,28.57,..,..,..,66.18
Eswatini,SWZ,"Account, female (% age 15+)",account.t.d.1,27.41,..,..,..,69.22
Eswatini,SWZ,"Account, male (% age 15+)",account.t.d.2,29.74,..,..,..,62.36
Eswatini,SWZ,Borrowed any money (% age 15+),borrow.any,..,..,..,..,77.52
Eswatini,SWZ,Made a digital payment (% age 15+),g20.made.t.d,..,..,..,..,60.81
Eswatini,SWZ,Saved any money (% age 15+),save.any,..,..,..,..,58.24
Ethiopia,ETH,Account (% age 15+),account.t.d,..,21.79,34.83,..,46.48
Ethiopia,ETH,"Account, female (% age 15+)",account.t.d.1,..,21,29.08,..,38.74
Ethiopia,ETH,"Account, male (% age 15+)",account.t.d.2,..,22.62,40.94,..,54.68
Ethiopia,ETH,Borrowed any money (% age 15+),borrow.any,..,43.52,41.22,..,38.9
Ethiopia,ETH,Made a digital payment (% age 15+),g20.made.t.d,..,3.61,6.93,..,13.89
Ethiopia,ETH,Saved any money (% age 15+),save.any,..,48.11,62.18,..,53.09
Finland,FIN,Account (% age 15+),account.t.d,99.65,100,99.79,99.53,..
Finland,FIN,"Account, female (% age 15+)",account.t.d.1,99.82,100,99.59,99.08,..
Finland,FIN,"Account, male (% age 15+)",account.t.d.2,99.46,100,100,100,..
Finland,FIN,Borrowed any money (% age 15+),borrow.any,..,68.23,61.35,60.46,..
Finland,FIN,Made a digital payment (% age 15+),g20.made.t.d,..,97.52,98.15,97.71,..
Finland,FIN,Saved any money (% age 15+),save.any,..,71.03,72.33,76.27,..
France,FRA,Account (% age 15+),account.t.d,96.98,96.58,94,99.24,..
France,FRA,"Account, female (% age 15+)",account.t.d.1,96.57,95.47,91.29,100,..
France,FRA,"Account, male (% age 15+)",account.t.d.2,97.49,97.79,96.98,98.42,..
France,FRA,Borrowed any money (% age 15+),borrow.any,..,51.11,51.61,52.58,..
France,FRA,Made a digital payment (% age 15+),g20.made.t.d,..,90.01,89.52,98.38,..
France,FRA,Saved any money (% age 15+),save.any,..,67.15,63.31,72.92,..
Gabon,GAB,Account (% age 15+),account.t.d,18.95,33.01,58.6,66.09,..
Gabon,GAB,"Account, female (% age 15+)",account.t.d.1,17.17,30.74,53.7,61.3,..
Gabon,GAB,"Account, male (% age 15+)",account.t.d.2,20.76,35.42,63.8,71.47,..
Gabon,GAB,Borrowed any money (% age 15+),borrow.any,..,39.72,55.96,57.08,..
Gabon,GAB,Made a digital payment (% age 15+),g20.made.t.d,..,17.26,49.87,62.34,..
Gabon,GAB,Saved any money (% age 15+),save.any,..,56.01,59.6,61.5,..
"Gambia, The",GMB,Account (% age 15+),account.t.d,..,..,28.56,..,33.01
"Gambia, The",GMB,"Account, female (% age 15+)",account.t.d.1,..,..,24.76,..,28.07
"Gambia, The",GMB,"Account, male (% age 15+)",account.t.d.2,..,..,32.69,..,38.38
"Gambia, The",GMB,Borrowed any money (% age 15+),borrow.any,..,..,33.79,..,54.2
"Gambia, The",GMB,Made a digital payment (% age 15+),g20.made.t.d,..,..,12.36,..,16.17
"Gambia, The",GMB,Saved any money (% age 15+),save.any,..,..,45.81,..,51.21
Georgia,GEO,Account (% age 15+),account.t.d,32.98,39.67,61.23,70.5,..
Georgia,GEO,"Account, female (% age 15+)",account.t.d.1,34.92,39.76,63.61,70.71,..
Georgia,GEO,"Account, male (% age 15+)",account.t.d.2,30.65,39.55,58.49,70.25,..
Georgia,GEO,Borrowed any money (% age 15+),borrow.any,..,36.65,44.91,40.33,..
Georgia,GEO,Made a digital payment (% age 15+),g20.made.t.d,..,13.37,29.07,46.18,..
Georgia,GEO,Saved any money (% age 15+),save.any,..,13.32,15,23.71,..
Germany,DEU,Account (% age 15+),account.t.d,98.13,98.76,99.14,99.98,..
Germany,DEU,"Account, female (% age 15+)",account.t.d.1,98.7,99.44,99.2,100,..
Germany,DEU,"Account, male (% age 15+)",account.t.d.2,97.54,98.05,99.08,99.95,..
Germany,DEU,Borrowed any money (% age 15+),borrow.any,..,55.15,64.07,66.36,..
Germany,DEU,Made a digital payment (% age 15+),g20.made.t.d,..,93.33,96.55,99.48,..
Germany,DEU,Saved any money (% age 15+),save.any,..,79.84,75.72,85.6,..
Ghana,GHA,Account (% age 15+),account.t.d,29.43,40.51,57.72,68.23,..
Ghana,GHA,"Account, female (% age 15+)",account.t.d.1,27.09,39.38,53.72,62.58,..
Ghana,GHA,"Account, male (% age 15+)",account.t.d.2,31.85,41.67,61.79,74.18,..
Ghana,GHA,Borrowed any money (% age 15+),borrow.any,..,36.66,40.27,52.21,..
Ghana,GHA,Made a digital payment (% age 15+),g20.made.t.d,..,19.97,43.41,63.65,..
Ghana,GHA,Saved any money (% age 15+),save.any,..,55.32,50.24,68.57,..
Greece,GRC,Account (% age 15+),account.t.d,77.94,87.52,85.47,94.88,..
Greece,GRC,"Account, female (% age 15+)",account.t.d.1,75.71,86.61,84.54,93.43,..
Greece,GRC,"Account, male (% age 15+)",account.t.d.2,80.34,88.48,86.45,96.33,..
Greece,GRC,Borrowed any money (% age 15+),borrow.any,..,32.42,26.57,47.73,..
Greece,GRC,Made a digital payment (% age 15+),g20.made.t.d,..,22.58,56.63,88.14,..
Greece,GRC,Saved any money (% age 15+),save.any,..,23.65,20.96,45.02,..
Guatemala,GTM,Account (% age 15+),account.t.d,22.32,41.35,44.11,..,36.98
Guatemala,GTM,"Account, female (% age 15+)",account.t.d.1,15.59,34.69,42.09,..,34.35
Guatemala,GTM,"Account, male (% age 15+)",account.t.d.2,29.89,48.76,46.36,..,39.93
Guatemala,GTM,Borrowed any money (% age 15+),borrow.any,..,45.21,32.4,..,31.71
Guatemala,GTM,Made a digital payment (% age 15+),g20.made.t.d,..,19.83,26.72,..,22.19
Guatemala,GTM,Saved any money (% age 15+),save.any,..,55.75,42.26,..,32.49
Guinea,GIN,Account (% age 15+),account.t.d,3.69,6.96,23.49,30.44,..
Guinea,GIN,"Account, female (% age 15+)",account.t.d.1,2.93,4.12,19.67,24.01,..
Guinea,GIN,"Account, male (% age 15+)",account.t.d.2,4.45,9.8,27.26,36.91,..
Guinea,GIN,Borrowed any money (% age 15+),borrow.any,..,52.52,39.62,56.96,..
Guinea,GIN,Made a digital payment (% age 15+),g20.made.t.d,..,3.74,15.89,25.07,..
Guinea,GIN,Saved any money (% age 15+),save.any,..,45.19,39.09,44.67,..
Haiti,HTI,Account (% age 15+),account.t.d,22.01,18.86,32.62,..,..
Haiti,HTI,"Account, female (% age 15+)",account.t.d.1,21.07,16.12,30.05,..,..
Haiti,HTI,"Account, male (% age 15+)",account.t.d.2,22.96,21.68,35.35,..,..
Haiti,HTI,Borrowed any money (% age 15+),borrow.any,..,47.66,39.69,..,..
Haiti,HTI,Made a digital payment (% age 15+),g20.made.t.d,..,8.01,22.7,..,..
Haiti,HTI,Saved any money (% age 15+),save.any,..,44.83,44.05,..,..
Honduras,HND,Account (% age 15+),account.t.d,20.51,31.49,45.34,37.85,..
Honduras,HND,"Account, female (% age 15+)",account.t.d.1,14.92,27.03,40.95,28.85,..
Honduras,HND,"Account, male (% age 15+)",account.t.d.2,26.27,36.09,50.24,48.56,..
Honduras,HND,Borrowed any money (% age 15+),borrow.any,..,43.09,33.65,37.69,..
Honduras,HND,Made a digital payment (% age 15+),g20.made.t.d,..,18.71,30.5,28.02,..
Honduras,HND,Saved any money (% age 15+),save.any,..,39.68,41.72,28.84,..
"Hong Kong SAR, China",HKG,Account (% age 15+),account.t.d,88.69,96.15,95.28,97.8,..
"Hong Kong SAR, China",HKG,"Account, female (% age 15+)",account.t.d.1,89.08,96.27,94.7,98.19,..
"Hong Kong SAR, China",HKG,"Account, male (% age 15+)",account.t.d.2,88.25,96.01,95.99,97.33,..
"Hong Kong SAR, China",HKG,Borrowed any money (% age 15+),borrow.any,..,67.62,66.36,73.01,..
"Hong Kong SAR, China",HKG,Made a digital payment (% age 15+),g20.made.t.d,..,76.1,77.44,86.51,..
"Hong Kong SAR, China",HKG,Saved any money (% age 15+),save.any,..,67.38,60.76,67.9,..
Hungary,HUN,Account (% age 15+),account.t.d,72.67,72.26,74.94,88.22,..
Hungary,HUN,"Account, female (% age 15+)",account.t.d.1,73.06,72.5,72.16,86.88,..
Hungary,HUN,"Account, male (% age 15+)",account.t.d.2,72.21,71.98,78.16,89.73,..
Hungary,HUN,Borrowed any money (% age 15+),borrow.any,..,36.18,24.76,29.6,..
Hungary,HUN,Made a digital payment (% age 15+),g20.made.t.d,..,57.54,61.73,81.37,..
Hungary,HUN,Saved any money (% age 15+),save.any,..,38.2,36.84,58.78,..
Iceland,ISL,Account (% age 15+),account.t.d,..,..,..,100,..
Iceland,ISL,"Account, female (% age 15+)",account.t.d.1,..,..,..,100,..
Iceland,ISL,"Account, male (% age 15+)",account.t.d.2,..,..,..,100,..
Iceland,ISL,Borrowed any money (% age 15+),borrow.any,..,..,..,85.3,..
Iceland,ISL,Made a digital payment (% age 15+),g20.made.t.d,..,..,..,99.78,..
Iceland,ISL,Saved any money (% age 15+),save.any,..,..,..,88.67,..
India,IND,Account (% age 15+),account.t.d,35.23,53.14,79.88,77.53,..
India,IND,"Account, female (% age 15+)",account.t.d.1,26.49,43.13,76.64,77.55,..
India,IND,"Account, male (% age 15+)",account.t.d.2,43.74,62.76,83.01,77.51,..
India,IND,Borrowed any money (% age 15+),borrow.any,..,47.79,42.39,44.79,..
India,IND,Made a digital payment (% age 15+),g20.made.t.d,..,15.72,19.97,24.69,..
India,IND,Saved any money (% age 15+),save.any,..,38.28,33.56,23.55,..
Indonesia,IDN,Account (% age 15+),account.t.d,19.58,36.06,48.86,51.76,..
Indonesia,IDN,"Account, female (% age 15+)",account.t.d.1,19.21,37.46,51.35,52.3,..
Indonesia,IDN,"Account, male (% age 15+)",account.t.d.2,19.97,34.62,46.25,51.18,..
Indonesia,IDN,Borrowed any money (% age 15+),borrow.any,..,56.84,54.84,41.59,..
Indonesia,IDN,Made a digital payment (% age 15+),g20.made.t.d,..,16.39,26.76,29.13,..
Indonesia,IDN,Saved any money (% age 15+),save.any,..,69.3,61.78,49.08,..
"Iran, Islamic Rep.",IRN,Account (% age 15+),account.t.d,73.68,92.28,93.98,89.98,..
"Iran, Islamic Rep.",IRN,"Account, female (% age 15+)",account.t.d.1,61.88,87.32,91.61,85.08,..
"Iran, Islamic Rep.",IRN,"Account, male (% age 15+)",account.t.d.2,85.17,97.14,96.45,94.84,..
"Iran, Islamic Rep.",IRN,Borrowed any money (% age 15+),borrow.any,..,81.84,68.2,61.09,..
"Iran, Islamic Rep.",IRN,Made a digital payment (% age 15+),g20.made.t.d,..,71.61,79.39,79.61,..
"Iran, Islamic Rep.",IRN,Saved any money (% age 15+),save.any,..,42.16,43.35,46.66,..
Iraq,IRQ,Account (% age 15+),account.t.d,10.55,10.97,22.67,18.57,..
Iraq,IRQ,"Account, female (% age 15+)",account.t.d.1,7.55,7.44,19.5,14.89,..
Iraq,IRQ,"Account, male (% age 15+)",account.t.d.2,13.48,14.57,25.82,22.21,..
Iraq,IRQ,Borrowed any money (% age 15+),borrow.any,..,69.42,63.44,52.87,..
Iraq,IRQ,Made a digital payment (% age 15+),g20.made.t.d,..,2.61,11.12,10.18,..
Iraq,IRQ,Saved any money (% age 15+),save.any,..,48.62,31.01,36.87,..
Ireland,IRL,Account (% age 15+),account.t.d,93.89,94.71,95.34,99.66,..
Ireland,IRL,"Account, female (% age 15+)",account.t.d.1,92.2,94.77,95.31,99.53,..
Ireland,IRL,"Account, male (% age 15+)",account.t.d.2,95.74,94.65,95.38,99.8,..
Ireland,IRL,Borrowed any money (% age 15+),borrow.any,..,61.73,63.59,61.71,..
Ireland,IRL,Made a digital payment (% age 15+),g20.made.t.d,..,84.55,91.23,98.04,..
Ireland,IRL,Saved any money (% age 15+),save.any,..,69.67,71.84,85.27,..
Israel,ISR,Account (% age 15+),account.t.d,90.47,89.95,92.81,92.93,..
Israel,ISR,"Account, female (% age 15+)",account.t.d.1,92.44,90.02,93.7,91.93,..
Israel,ISR,"Account, male (% age 15+)",account.t.d.2,88.4,89.89,91.89,93.97,..
Israel,ISR,Borrowed any money (% age 15+),borrow.any,..,84.48,83.18,83.04,..
Israel,ISR,Made a digital payment (% age 15+),g20.made.t.d,..,81.03,86.01,87.13,..
Israel,ISR,Saved any money (% age 15+),save.any,..,62.05,63.72,69.14,..
Italy,ITA,Account (% age 15+),account.t.d,71.01,87.33,93.79,97.29,..
Italy,ITA,"Account, female (% age 15+)",account.t.d.1,64.35,83.16,91.62,97.09,..
Italy,ITA,"Account, male (% age 15+)",account.t.d.2,79.13,91.87,96.14,97.48,..
Italy,ITA,Borrowed any money (% age 15+),borrow.any,..,60.97,55.99,58.9,..
Italy,ITA,Made a digital payment (% age 15+),g20.made.t.d,..,66.25,86.17,92.99,..
Italy,ITA,Saved any money (% age 15+),save.any,..,56.57,62.42,72.74,..
Jamaica,JAM,Account (% age 15+),account.t.d,70.99,78.46,..,73.3,..
Jamaica,JAM,"Account, female (% age 15+)",account.t.d.1,67.12,77.76,..,71.55,..
Jamaica,JAM,"Account, male (% age 15+)",account.t.d.2,75.07,79.2,..,75.11,..
Jamaica,JAM,Borrowed any money (% age 15+),borrow.any,..,49.04,..,31.82,..
Jamaica,JAM,Made a digital payment (% age 15+),g20.made.t.d,..,35.36,..,40.32,..
Jamaica,JAM,Saved any money (% age 15+),save.any,..,74.27,..,63.49,..
Japan,JPN,Account (% age 15+),account.t.d,96.42,96.65,98.24,98.49,..
Japan,JPN,"Account, female (% age 15+)",account.t.d.1,96.84,97.02,98.06,98.84,..
Japan,JPN,"Account, male (% age 15+)",account.t.d.2,95.97,96.24,98.46,98.12,..
Japan,JPN,Borrowed any money (% age 15+),borrow.any,..,59.43,56.56,64.22,..
Japan,JPN,Made a digital payment (% age 15+),g20.made.t.d,..,80.47,88.6,89.24,..
Japan,JPN,Saved any money (% age 15+),save.any,..,71.94,77.74,81.94,..
Jordan,JOR,Account (% age 15+),account.t.d,25.47,24.62,42.49,47.12,..
Jordan,JOR,"Account, female (% age 15+)",account.t.d.1,17.36,15.53,26.61,34.06,..
Jordan,JOR,"Account, male (% age 15+)",account.t.d.2,33.67,33.31,56.28,58.6,..
Jordan,JOR,Borrowed any money (% age 15+),borrow.any,..,33.11,47.68,53.53,..
Jordan,JOR,Made a digital payment (% age 15+),g20.made.t.d,..,8.22,13.63,20.93,..
Jordan,JOR,Saved any money (% age 15+),save.any,..,29.22,45.17,24.14,..
Kazakhstan,KAZ,Account (% age 15+),account.t.d,42.11,53.91,58.7,81.11,..
Kazakhstan,KAZ,"Account, female (% age 15+)",account.t.d.1,43.73,55.59,60.29,83.63,..
Kazakhstan,KAZ,"Account, male (% age 15+)",account.t.d.2,40.23,52,56.9,78.29,..
Kazakhstan,KAZ,Borrowed any money (% age 15+),borrow.any,..,45.02,45.59,47.39,..
Kazakhstan,KAZ,Made a digital payment (% age 15+),g20.made.t.d,..,23.01,38.32,66.64,..
Kazakhstan,KAZ,Saved any money (% age 15+),save.any,..,30.34,35.86,40.18,..
Kenya,KEN,Account (% age 15+),account.t.d,42.34,74.66,81.57,79.2,..
Kenya,KEN,"Account, female (% age 15+)",account.t.d.1,39.18,71.13,77.75,75.36,..
Kenya,KEN,"Account, male (% age 15+)",account.t.d.2,45.65,78.66,85.84,83.24,..
Kenya,KEN,Borrowed any money (% age 15+),borrow.any,..,79.4,64.37,76.16,..
Kenya,KEN,Made a digital payment (% age 15+),g20.made.t.d,..,66.22,76.41,75.8,..
Kenya,KEN,Saved any money (% age 15+),save.any,..,76.06,70.32,66.77,..
"Korea, Rep.",KOR,Account (% age 15+),account.t.d,93.05,94.36,94.85,98.67,..
"Korea, Rep.",KOR,"Account, female (% age 15+)",account.t.d.1,93.11,93.38,94.69,98.68,..
"Korea, Rep.",KOR,"Account, male (% age 15+)",account.t.d.2,92.98,95.39,95.02,98.66,..
"Korea, Rep.",KOR,Borrowed any money (% age 15+),borrow.any,..,67.88,72.63,74.66,..
"Korea, Rep.",KOR,Made a digital payment (% age 15+),g20.made.t.d,..,83.32,90.76,96.17,..
"Korea, Rep.",KOR,Saved any money (% age 15+),save.any,..,73.92,68.83,69.73,..
Kosovo,XKX,Account (% age 15+),account.t.d,44.31,47.8,52.27,58.01,..
Kosovo,XKX,"Account, female (% age 15+)",account.t.d.1,31.45,36.32,43.72,47.39,..
Kosovo,XKX,"Account, male (% age 15+)",account.t.d.2,57.27,59.44,61.15,68.9,..
Kosovo,XKX,Borrowed any money (% age 15+),borrow.any,..,40.6,44.22,40.75,..
Kosovo,XKX,Made a digital payment (% age 15+),g20.made.t.d,..,22.91,23.5,32.22,..
Kosovo,XKX,Saved any money (% age 15+),save.any,..,35.61,39.35,38.21,..
Kuwait,KWT,Account (% age 15+),account.t.d,86.77,72.91,79.84,..,..
Kuwait,KWT,"Account, female (% age 15+)",account.t.d.1,79.61,64,73.46,..,..
Kuwait,KWT,"Account, male (% age 15+)",account.t.d.2,92.7,79.3,83.31,..,..
Kuwait,KWT,Borrowed any money (% age 15+),borrow.any,..,63.8,46.09,..,..
Kuwait,KWT,Made a digital payment (% age 15+),g20.made.t.d,..,57.78,62.69,..,..
Kuwait,KWT,Saved any money (% age 15+),save.any,..,61.53,47.09,..,..
Kyrgyz Republic,KGZ,Account (% age 15+),account.t.d,3.76,18.47,39.94,45.09,..
Kyrgyz Republic,KGZ,"Account, female (% age 15+)",account.t.d.1,3.94,18.93,38.85,43.76,..
Kyrgyz Republic,KGZ,"Account, male (% age 15+)",account.t.d.2,3.55,17.95,41.17,46.54,..
Kyrgyz Republic,KGZ,Borrowed any money (% age 15+),borrow.any,..,38.21,32.18,42.97,..
Kyrgyz Republic,KGZ,Made a digital payment (% age 15+),g20.made.t.d,..,10.64,26.62,25.97,..
Kyrgyz Republic,KGZ,Saved any money (% age 15+),save.any,..,36.2,23.7,32.4,..
Lao PDR,LAO,Account (% age 15+),account.t.d,26.77,..,29.06,37.32,..
Lao PDR,LAO,"Account, female (% age 15+)",account.t.d.1,26.16,..,31.87,37.85,..
Lao PDR,LAO,"Account, male (% age 15+)",account.t.d.2,27.44,..,26.12,36.75,..
Lao PDR,LAO,Borrowed any money (% age 15+),borrow.any,..,..,42.36,41.65,..
Lao PDR,LAO,Made a digital payment (% age 15+),g20.made.t.d,..,..,7.55,15.9,..
Lao PDR,LAO,Saved any money (% age 15+),save.any,..,..,60.16,56.41,..
Latvia,LVA,Account (% age 15+),account.t.d,89.66,90.22,93.22,96.62,..
Latvia,LVA,"Account, female (% age 15+)",account.t.d.1,92.05,90.17,92.54,97.55,..
Latvia,LVA,"Account, male (% age 15+)",account.t.d.2,86.74,90.28,94.08,95.51,..
Latvia,LVA,Borrowed any money (% age 15+),borrow.any,..,46.36,37.27,38.92,..
Latvia,LVA,Made a digital payment (% age 15+),g20.made.t.d,..,81.62,83.1,93.03,..
Latvia,LVA,Saved any money (% age 15+),save.any,..,44.25,53.8,69.55,..
Lebanon,LBN,Account (% age 15+),account.t.d,37.03,46.93,44.75,20.7,..
Lebanon,LBN,"Account, female (% age 15+)",account.t.d.1,25.9,32.91,32.91,16.59,..
Lebanon,LBN,"Account, male (% age 15+)",account.t.d.2,49.4,62.41,56.69,24.65,..
Lebanon,LBN,Borrowed any money (% age 15+),borrow.any,..,38.86,36.16,31.18,..
Lebanon,LBN,Made a digital payment (% age 15+),g20.made.t.d,..,23.03,27.14,5.69,..
Lebanon,LBN,Saved any money (% age 15+),save.any,..,47.15,51.81,16.5,..
Lesotho,LSO,Account (% age 15+),account.t.d,18.5,..,45.56,..,63.63
Lesotho,LSO,"Account, female (% age 15+)",account.t.d.1,16.87,..,46.46,..,62.37
Lesotho,LSO,"Account, male (% age 15+)",account.t.d.2,20.24,..,44.6,..,65.05
Lesotho,LSO,Borrowed any money (% age 15+),borrow.any,..,..,48.01,..,57.6
Lesotho,LSO,Made a digital payment (% age 15+),g20.made.t.d,..,..,33.49,..,54.9
Lesotho,LSO,Saved any money (% age 15+),save.any,..,..,39.54,..,53.83
Liberia,LBR,Account (% age 15+),account.t.d,18.8,..,35.71,51.63,..
Liberia,LBR,"Account, female (% age 15+)",account.t.d.1,14.68,..,28.16,44.2,..
Liberia,LBR,"Account, male (% age 15+)",account.t.d.2,22.99,..,43.66,59.34,..
Liberia,LBR,Borrowed any money (% age 15+),borrow.any,..,..,55.57,60.45,..
Liberia,LBR,Made a digital payment (% age 15+),g20.made.t.d,..,..,24.13,42.94,..
Liberia,LBR,Saved any money (% age 15+),save.any,..,..,68.09,58.06,..
Libya,LBY,Account (% age 15+),account.t.d,..,..,65.67,..,..
Libya,LBY,"Account, female (% age 15+)",account.t.d.1,..,..,59.62,..,..
Libya,LBY,"Account, male (% age 15+)",account.t.d.2,..,..,70.69,..,..
Libya,LBY,Borrowed any money (% age 15+),borrow.any,..,..,58.02,..,..
Libya,LBY,Made a digital payment (% age 15+),g20.made.t.d,..,..,20.76,..,..
Libya,LBY,Saved any money (% age 15+),save.any,..,..,61.33,..,..
Lithuania,LTU,Account (% age 15+),account.t.d,73.76,77.91,82.88,93.53,..
Lithuania,LTU,"Account, female (% age 15+)",account.t.d.1,76.07,77.88,81.01,90.38,..
Lithuania,LTU,"Account, male (% age 15+)",account.t.d.2,71.01,77.94,85.12,96.99,..
Lithuania,LTU,Borrowed any money (% age 15+),borrow.any,..,37.75,45.83,25.38,..
Lithuania,LTU,Made a digital payment (% age 15+),g20.made.t.d,..,56.29,67.01,83.41,..
Lithuania,LTU,Saved any money (% age 15+),save.any,..,53.67,63.46,65.62,..
Luxembourg,LUX,Account (% age 15+),account.t.d,94.59,96.17,98.77,..,..
Luxembourg,LUX,"Account, female (% age 15+)",account.t.d.1,95.33,96.69,98.18,..,..
Luxembourg,LUX,"Account, male (% age 15+)",account.t.d.2,93.75,95.64,99.35,..,..
Luxembourg,LUX,Borrowed any money (% age 15+),borrow.any,..,78.85,79.33,..,..
Luxembourg,LUX,Made a digital payment (% age 15+),g20.made.t.d,..,90.04,96.84,..,..
Luxembourg,LUX,Saved any money (% age 15+),save.any,..,77.79,76.93,..,..
Madagascar,MDG,Account (% age 15+),account.t.d,5.52,8.55,17.87,..,26.3
Madagascar,MDG,"Account, female (% age 15+)",account.t.d.1,4.61,8.37,16.31,..,25.21
Madagascar,MDG,"Account, male (% age 15+)",account.t.d.2,6.5,8.74,19.61,..,27.5
Madagascar,MDG,Borrowed any money (% age 15+),borrow.any,..,57.33,47.91,..,43.71
Madagascar,MDG,Made a digital payment (% age 15+),g20.made.t.d,..,4.9,12.14,..,22.23
Madagascar,MDG,Saved any money (% age 15+),save.any,..,39.67,44.29,..,29.83
Malawi,MWI,Account (% age 15+),account.t.d,16.54,18.09,33.71,42.71,..
Malawi,MWI,"Account, female (% age 15+)",account.t.d.1,16.88,13.98,29.85,38.14,..
Malawi,MWI,"Account, male (% age 15+)",account.t.d.2,16.17,22.47,37.94,47.75,..
Malawi,MWI,Borrowed any money (% age 15+),borrow.any,..,66.54,52,52.88,..
Malawi,MWI,Made a digital payment (% age 15+),g20.made.t.d,..,10.16,22.27,36.94,..
Malawi,MWI,Saved any money (% age 15+),save.any,..,59.71,51.83,52.71,..
Malaysia,MYS,Account (% age 15+),account.t.d,66.17,80.67,85.34,88.37,..
Malaysia,MYS,"Account, female (% age 15+)",account.t.d.1,63.1,78.09,82.48,87.51,..
Malaysia,MYS,"Account, male (% age 15+)",account.t.d.2,69.22,83.01,87.92,89.23,..
Malaysia,MYS,Borrowed any money (% age 15+),borrow.any,..,62.05,39.74,32.09,..
Malaysia,MYS,Made a digital payment (% age 15+),g20.made.t.d,..,45.57,60.1,65.51,..
Malaysia,MYS,Saved any money (% age 15+),save.any,..,81.59,63.26,70.33,..
Maldives,MDV,Account (% age 15+),account.t.d,..,..,79.55,..,..
Maldives,MDV,"Account, female (% age 15+)",account.t.d.1,..,..,74.18,..,..
Maldives,MDV,"Account, male (% age 15+)",account.t.d.2,..,..,85.47,..,..
Maldives,MDV,Borrowed any money (% age 15+),borrow.any,..,..,32.74,..,..
Maldives,MDV,Made a digital payment (% age 15+),g20.made.t.d,..,..,60.6,..,..
Maldives,MDV,Saved any money (% age 15+),save.any,..,..,42,..,..
Mali,MLI,Account (% age 15+),account.t.d,8.21,20.08,35.42,43.5,..
Mali,MLI,"Account, female (% age 15+)",account.t.d.1,6.91,14.69,25.71,41.21,..
Mali,MLI,"Account, male (% age 15+)",account.t.d.2,9.56,25.64,45.46,45.93,..
Mali,MLI,Borrowed any money (% age 15+),borrow.any,..,41.73,43.47,48.64,..
Mali,MLI,Made a digital payment (% age 15+),g20.made.t.d,..,9.44,27.35,34,..
Mali,MLI,Saved any money (% age 15+),save.any,..,44.9,53.81,56.49,..
Malta,MLT,Account (% age 15+),account.t.d,95.27,96.33,97.36,96.45,..
Malta,MLT,"Account, female (% age 15+)",account.t.d.1,94.07,95.62,96.96,95.33,..
Malta,MLT,"Account, male (% age 15+)",account.t.d.2,96.57,97.09,97.78,97.57,..
Malta,MLT,Borrowed any money (% age 15+),borrow.any,..,44.37,47.54,48.24,..
Malta,MLT,Made a digital payment (% age 15+),g20.made.t.d,..,70.54,79.34,85.79,..
Malta,MLT,Saved any money (% age 15+),save.any,..,71.37,73.22,70.64,..
Mauritania,MRT,Account (% age 15+),account.t.d,17.46,22.87,20.87,..,23.46
Mauritania,MRT,"Account, female (% age 15+)",account.t.d.1,12.09,21,15.49,..,16.09
Mauritania,MRT,"Account, male (% age 15+)",account.t.d.2,23.3,24.84,26.29,..,31.6
Mauritania,MRT,Borrowed any money (% age 15+),borrow.any,..,47.17,44.25,..,58.42
Mauritania,MRT,Made a digital payment (% age 15+),g20.made.t.d,..,11.02,9.93,..,17
Mauritania,MRT,Saved any money (% age 15+),save.any,..,41.2,41.74,..,36.83
Mauritius,MUS,Account (% age 15+),account.t.d,80.12,82.21,89.84,90.53,..
Mauritius,MUS,"Account, female (% age 15+)",account.t.d.1,74.73,80,87.11,89.4,..
Mauritius,MUS,"Account, male (% age 15+)",account.t.d.2,85.82,84.59,92.71,91.74,..
Mauritius,MUS,Borrowed any money (% age 15+),borrow.any,..,35.54,37.55,38.52,..
Mauritius,MUS,Made a digital payment (% age 15+),g20.made.t.d,..,37.11,53.5,64.28,..
Mauritius,MUS,Saved any money (% age 15+),save.any,..,54.16,60.16,55.22,..
Mexico,MEX,Account (% age 15+),account.t.d,27.43,39.14,36.93,..,48.97
Mexico,MEX,"Account, female (% age 15+)",account.t.d.1,21.97,38.9,33.29,..,42.3
Mexico,MEX,"Account, male (% age 15+)",account.t.d.2,33.19,39.4,41.1,..,56.27
Mexico,MEX,Borrowed any money (% age 15+),borrow.any,..,53.03,31.75,..,35.22
Mexico,MEX,Made a digital payment (% age 15+),g20.made.t.d,..,25.26,22.74,..,37.18
Mexico,MEX,Saved any money (% age 15+),save.any,..,58.38,40.58,..,37.7
Moldova,MDA,Account (% age 15+),account.t.d,18.07,17.76,43.79,64.25,..
Moldova,MDA,"Account, female (% age 15+)",account.t.d.1,17.17,18.98,44.55,62.92,..
Moldova,MDA,"Account, male (% age 15+)",account.t.d.2,19.09,16.4,42.94,65.7,..
Moldova,MDA,Borrowed any money (% age 15+),borrow.any,..,47.96,54.23,45.47,..
Moldova,MDA,Made a digital payment (% age 15+),g20.made.t.d,..,8.39,29.46,47.47,..
Moldova,MDA,Saved any money (% age 15+),save.any,..,44.11,54.62,52.56,..
Mongolia,MNG,Account (% age 15+),account.t.d,77.72,91.82,92.97,98.46,..
Mongolia,MNG,"Account, female (% age 15+)",account.t.d.1,82.37,93.21,94.95,98.97,..
Mongolia,MNG,"Account, male (% age 15+)",account.t.d.2,72.84,90.3,90.81,97.89,..
Mongolia,MNG,Borrowed any money (% age 15+),borrow.any,..,54.34,50.51,52.53,..
Mongolia,MNG,Made a digital payment (% age 15+),g20.made.t.d,..,50.85,79.39,90.76,..
Mongolia,MNG,Saved any money (% age 15+),save.any,..,47.33,31.28,44.79,..
Montenegro,MNE,Account (% age 15+),account.t.d,50.44,59.83,68.36,..,..
Montenegro,MNE,"Account, female (% age 15+)",account.t.d.1,48.93,57.91,67.57,..,..
Montenegro,MNE,"Account, male (% age 15+)",account.t.d.2,52.15,61.89,69.19,..,..
Montenegro,MNE,Borrowed any money (% age 15+),borrow.any,..,52.81,45.17,..,..
Montenegro,MNE,Made a digital payment (% age 15+),g20.made.t.d,..,27.67,45.12,..,..
Montenegro,MNE,Saved any money (% age 15+),save.any,..,26.8,29.06,..,..
Morocco,MAR,Account (% age 15+),account.t.d,..,..,28.64,44.37,..
Morocco,MAR,"Account, female (% age 15+)",account.t.d.1,..,..,16.81,32.7,..
Morocco,MAR,"Account, male (% age 15+)",account.t.d.2,..,..,41.47,55.97,..
Morocco,MAR,Borrowed any money (% age 15+),borrow.any,..,..,26.47,57.04,..
Morocco,MAR,Made a digital payment (% age 15+),g20.made.t.d,..,..,8.72,20.34,..
Morocco,MAR,Saved any money (% age 15+),save.any,..,..,21.36,34.69,..
Mozambique,MOZ,Account (% age 15+),account.t.d,..,..,41.67,49.49,..
Mozambique,MOZ,"Account, female (% age 15+)",account.t.d.1,..,..,32.87,38.69,..
Mozambique,MOZ,"Account, male (% age 15+)",account.t.d.2,..,..,51.07,61,..
Mozambique,MOZ,Borrowed any money (% age 15+),borrow.any,..,..,50.16,44.67,..
Mozambique,MOZ,Made a digital payment (% age 15+),g20.made.t.d,..,..,29.6,39.36,..
Mozambique,MOZ,Saved any money (% age 15+),save.any,..,..,42.88,43.14,..
Myanmar,MMR,Account (% age 15+),account.t.d,..,22.78,25.99,47.79,..
Myanmar,MMR,"Account, female (% age 15+)",account.t.d.1,..,17.4,25.98,46.15,..
Myanmar,MMR,"Account, male (% age 15+)",account.t.d.2,..,28.6,26.01,49.52,..
Myanmar,MMR,Borrowed any money (% age 15+),borrow.any,..,42.8,43.87,33.09,..
Myanmar,MMR,Made a digital payment (% age 15+),g20.made.t.d,..,2.02,3.56,37.25,..
Myanmar,MMR,Saved any money (% age 15+),save.any,..,46.66,36.23,41.93,..
Namibia,NAM,Account (% age 15+),account.t.d,..,58.83,80.63,71.35,..
Namibia,NAM,"Account, female (% age 15+)",account.t.d.1,..,56.77,80.66,69.31,..
Namibia,NAM,"Account, male (% age 15+)",account.t.d.2,..,61.12,80.6,73.67,..
Namibia,NAM,Borrowed any money (% age 15+),borrow.any,..,48.53,63.29,67.95,..
Namibia,NAM,Made a digital payment (% age 15+),g20.made.t.d,..,38.19,63.07,58.51,..
Namibia,NAM,Saved any money (% age 15+),save.any,..,56.94,62.69,56.28,..
Nepal,NPL,Account (% age 15+),account.t.d,25.31,33.8,45.39,54,..
Nepal,NPL,"Account, female (% age 15+)",account.t.d.1,21.22,31.27,41.6,49.9,..
Nepal,NPL,"Account, male (% age 15+)",account.t.d.2,29.56,36.72,49.98,58.61,..
Nepal,NPL,Borrowed any money (% age 15+),borrow.any,..,59,66.07,53.98,..
Nepal,NPL,Made a digital payment (% age 15+),g20.made.t.d,..,5.62,9.11,18.78,..
Nepal,NPL,Saved any money (% age 15+),save.any,..,44.67,46.31,34.83,..
Netherlands,NLD,Account (% age 15+),account.t.d,98.66,99.3,99.64,99.73,..
Netherlands,NLD,"Account, female (% age 15+)",account.t.d.1,98.4,99.18,99.83,99.47,..
Netherlands,NLD,"Account, male (% age 15+)",account.t.d.2,98.97,99.42,99.44,100,..
Netherlands,NLD,Borrowed any money (% age 15+),borrow.any,..,46.9,45.37,43.92,..
Netherlands,NLD,Made a digital payment (% age 15+),g20.made.t.d,..,96.55,96.92,98.01,..
Netherlands,NLD,Saved any money (% age 15+),save.any,..,74.48,78.52,80.82,..
New Zealand,NZL,Account (% age 15+),account.t.d,99.44,99.53,99.18,98.75,..
New Zealand,NZL,"Account, female (% age 15+)",account.t.d.1,99.45,99.22,99.34,99.24,..
New Zealand,NZL,"Account, male (% age 15+)",account.t.d.2,99.42,99.86,98.99,98.23,..
New Zealand,NZL,Borrowed any money (% age 15+),borrow.any,..,81.13,78.48,69.91,..
New Zealand,NZL,Made a digital payment (% age 15+),g20.made.t.d,..,96.08,96.12,97.17,..
New Zealand,NZL,Saved any money (% age 15+),save.any,..,86.93,86.25,85.8,..
Nicaragua,NIC,Account (% age 15+),account.t.d,14.22,19.44,30.86,26.03,..
Nicaragua,NIC,"Account, female (% age 15+)",account.t.d.1,12.82,14.43,24.79,21.57,..
Nicaragua,NIC,"Account, male (% age 15+)",account.t.d.2,15.7,24.71,37.42,30.94,..
Nicaragua,NIC,Borrowed any money (% age 15+),borrow.any,..,43.09,29.71,38.31,..
Nicaragua,NIC,Made a digital payment (% age 15+),g20.made.t.d,..,8.32,17.97,17.76,..
Nicaragua,NIC,Saved any money (% age 15+),save.any,..,51.36,44.78,37.21,..
Niger,NER,Account (% age 15+),account.t.d,1.52,6.71,15.52,..,11.69
Niger,NER,"Account, female (% age 15+)",account.t.d.1,1.45,4.31,10.91,..,10.24
Niger,NER,"Account, male (% age 15+)",account.t.d.2,1.59,9.06,19.94,..,13.18
Niger,NER,Borrowed any money (% age 15+),borrow.any,..,70.91,52.05,..,59.85
Niger,NER,Made a digital payment (% age 15+),g20.made.t.d,..,4.16,10.41,..,8.1
Niger,NER,Saved any money (% age 15+),save.any,..,61.02,24.98,..,25.42
Nigeria,NGA,Account (% age 15+),account.t.d,29.67,44.44,39.67,45.32,..
Nigeria,NGA,"Account, female (% age 15+)",account.t.d.1,25.99,34.02,27.28,34.96,..
Nigeria,NGA,"Account, male (% age 15+)",account.t.d.2,33.28,54.36,51.41,55.45,..
Nigeria,NGA,Borrowed any money (% age 15+),borrow.any,..,45.72,39.56,54.41,..
Nigeria,NGA,Made a digital payment (% age 15+),g20.made.t.d,..,29.17,23.72,29.45,..
Nigeria,NGA,Saved any money (% age 15+),save.any,..,68.98,61.96,55.52,..
North Macedonia,MKD,Account (% age 15+),account.t.d,73.7,71.8,76.57,85.29,..
North Macedonia,MKD,"Account, female (% age 15+)",account.t.d.1,71.54,64.03,72.89,79.91,..
North Macedonia,MKD,"Account, male (% age 15+)",account.t.d.2,75.87,79.74,80.36,90.62,..
North Macedonia,MKD,Borrowed any money (% age 15+),borrow.any,..,46.2,38.32,42.91,..
North Macedonia,MKD,Made a digital payment (% age 15+),g20.made.t.d,..,40.75,49.09,65.78,..
North Macedonia,MKD,Saved any money (% age 15+),save.any,..,39.23,35.78,38.38,..
Norway,NOR,Account (% age 15+),account.t.d,..,100,99.75,99.48,..
Norway,NOR,"Account, female (% age 15+)",account.t.d.1,..,100,100,100,..
Norway,NOR,"Account, male (% age 15+)",account.t.d.2,..,100,99.49,98.98,..
Norway,NOR,Borrowed any money (% age 15+),borrow.any,..,73.69,77.7,78.45,..
Norway,NOR,Made a digital payment (% age 15+),g20.made.t.d,..,97.84,98.88,99.37,..
Norway,NOR,Saved any money (% age 15+),save.any,..,89.79,90.22,87.14,..
Oman,OMN,Account (% age 15+),account.t.d,73.6,..,..,..,..
Oman,OMN,"Account, female (% age 15+)",account.t.d.1,63.53,..,..,..,..
Oman,OMN,"Account, male (% age 15+)",account.t.d.2,83.75,..,..,..,..
Oman,OMN,Borrowed any money (% age 15+),borrow.any,..,..,..,..,..
Oman,OMN,Made a digital payment (% age 15+),g20.made.t.d,..,..,..,..,..
Oman,OMN,Saved any money (% age 15+),save.any,..,..,..,..,..
Pakistan,PAK,Account (% age 15+),account.t.d,10.31,13.04,21.29,20.98,..
Pakistan,PAK,"Account, female (% age 15+)",account.t.d.1,2.95,4.84,7.03,13.48,..
Pakistan,PAK,"Account, male (% age 15+)",account.t.d.2,17.28,20.97,34.61,28.18,..
Pakistan,PAK,Borrowed any money (% age 15+),borrow.any,..,49.75,37.37,30.16,..
Pakistan,PAK,Made a digital payment (% age 15+),g20.made.t.d,..,6.19,14.32,14.9,..
Pakistan,PAK,Saved any money (% age 15+),save.any,..,31.56,35.14,13.87,..
Panama,PAN,Account (% age 15+),account.t.d,24.93,43.66,46.49,44.97,..
Panama,PAN,"Account, female (% age 15+)",account.t.d.1,23.31,40.33,42.34,43.11,..
Panama,PAN,"Account, male (% age 15+)",account.t.d.2,26.55,47.02,50.86,46.95,..
Panama,PAN,Borrowed any money (% age 15+),borrow.any,..,50.49,30.84,29.45,..
Panama,PAN,Made a digital payment (% age 15+),g20.made.t.d,..,24.25,25.1,29.24,..
Panama,PAN,Saved any money (% age 15+),save.any,..,62.49,48.39,37.73,..
Paraguay,PRY,Account (% age 15+),account.t.d,21.72,..,48.65,54.42,..
Paraguay,PRY,"Account, female (% age 15+)",account.t.d.1,22.71,..,46.05,55.35,..
Paraguay,PRY,"Account, male (% age 15+)",account.t.d.2,20.68,..,51.22,53.49,..
Paraguay,PRY,Borrowed any money (% age 15+),borrow.any,..,..,35.72,34.83,..
Paraguay,PRY,Made a digital payment (% age 15+),g20.made.t.d,..,..,36.75,41.25,..
Paraguay,PRY,Saved any money (% age 15+),save.any,..,..,27.1,23.22,..
Peru,PER,Account (% age 15+),account.t.d,20.46,28.98,42.6,57.5,..
Peru,PER,"Account, female (% age 15+)",account.t.d.1,17.56,22.5,34.44,53.03,..
Peru,PER,"Account, male (% age 15+)",account.t.d.2,23.45,35.66,50.97,62.32,..
Peru,PER,Borrowed any money (% age 15+),borrow.any,..,32.24,36.45,41.45,..
Peru,PER,Made a digital payment (% age 15+),g20.made.t.d,..,17.58,24.53,37.91,..
Peru,PER,Saved any money (% age 15+),save.any,..,39.32,40.14,34.67,..
Philippines,PHL,Account (% age 15+),account.t.d,26.56,31.29,34.5,51.37,..
Philippines,PHL,"Account, female (% age 15+)",account.t.d.1,33.71,37.85,38.85,47.42,..
Philippines,PHL,"Account, male (% age 15+)",account.t.d.2,19,24.4,30.02,55.59,..
Philippines,PHL,Borrowed any money (% age 15+),borrow.any,..,70.15,58.65,57.75,..
Philippines,PHL,Made a digital payment (% age 15+),g20.made.t.d,..,17.55,13.64,38.53,..
Philippines,PHL,Saved any money (% age 15+),save.any,..,67.34,58.71,54.39,..
Poland,POL,Account (% age 15+),account.t.d,70.19,77.86,86.73,95.72,..
Poland,POL,"Account, female (% age 15+)",account.t.d.1,68.29,72.96,87.96,95.69,..
Poland,POL,"Account, male (% age 15+)",account.t.d.2,72.37,83.26,85.38,95.75,..
Poland,POL,Borrowed any money (% age 15+),borrow.any,..,41.17,50.36,46.04,..
Poland,POL,Made a digital payment (% age 15+),g20.made.t.d,..,52.67,79.04,91.39,..
Poland,POL,Saved any money (% age 15+),save.any,..,46.55,51.88,58.76,..
Portugal,PRT,Account (% age 15+),account.t.d,81.23,87.39,92.34,92.65,..
Portugal,PRT,"Account, female (% age 15+)",account.t.d.1,77.8,86.11,90.62,90.18,..
Portugal,PRT,"Account, male (% age 15+)",account.t.d.2,85.14,88.84,94.23,95.37,..
Portugal,PRT,Borrowed any money (% age 15+),borrow.any,..,43.5,41.26,37.39,..
Portugal,PRT,Made a digital payment (% age 15+),g20.made.t.d,..,70.49,81.24,87.48,..
Portugal,PRT,Saved any money (% age 15+),save.any,..,53.33,54.78,63.26,..
Puerto Rico,PRI,Account (% age 15+),account.t.d,..,69.74,..,..,..
Puerto Rico,PRI,"Account, female (% age 15+)",account.t.d.1,..,66.09,..,..,..
Puerto Rico,PRI,"Account, male (% age 15+)",account.t.d.2,..,73.7,..,..,..
Puerto Rico,PRI,Borrowed any money (% age 15+),borrow.any,..,38.14,..,..,..
Puerto Rico,PRI,Made a digital payment (% age 15+),g20.made.t.d,..,54.55,..,..,..
Puerto Rico,PRI,Saved any money (% age 15+),save.any,..,44.22,..,..,..
Qatar,QAT,Account (% age 15+),account.t.d,65.88,..,..,..,..
Qatar,QAT,"Account, female (% age 15+)",account.t.d.1,61.57,..,..,..,..
Qatar,QAT,"Account, male (% age 15+)",account.t.d.2,68.57,..,..,..,..
Qatar,QAT,Borrowed any money (% age 15+),borrow.any,..,..,..,..,..
Qatar,QAT,Made a digital payment (% age 15+),g20.made.t.d,..,..,..,..,..
Qatar,QAT,Saved any money (% age 15+),save.any,..,..,..,..,..
Romania,ROU,Account (% age 15+),account.t.d,44.59,60.84,57.75,69.12,..
Romania,ROU,"Account, female (% age 15+)",account.t.d.1,41.06,56.87,53.59,65.74,..
Romania,ROU,"Account, male (% age 15+)",account.t.d.2,48.53,65.15,62.4,72.68,..
Romania,ROU,Borrowed any money (% age 15+),borrow.any,..,48.63,39.51,41.36,..
Romania,ROU,Made a digital payment (% age 15+),g20.made.t.d,..,29.69,32.68,56.06,..
Romania,ROU,Saved any money (% age 15+),save.any,..,36.48,33.53,44.87,..
Russian Federation,RUS,Account (% age 15+),account.t.d,48.18,67.38,75.76,89.72,..
Russian Federation,RUS,"Account, female (% age 15+)",account.t.d.1,47.7,70.19,76.13,90.11,..
Russian Federation,RUS,"Account, male (% age 15+)",account.t.d.2,48.78,63.8,75.3,89.26,..
Russian Federation,RUS,Borrowed any money (% age 15+),borrow.any,..,37,41.32,51,..
Russian Federation,RUS,Made a digital payment (% age 15+),g20.made.t.d,..,44.33,61.63,82.38,..
Russian Federation,RUS,Saved any money (% age 15+),save.any,..,40.71,36.2,37.32,..
Rwanda,RWA,Account (% age 15+),account.t.d,32.76,42.12,50.02,..,..
Rwanda,RWA,"Account, female (% age 15+)",account.t.d.1,28.25,35.32,44.96,..,..
Rwanda,RWA,"Account, male (% age 15+)",account.t.d.2,37.51,49.04,55.75,..,..
Rwanda,RWA,Borrowed any money (% age 15+),borrow.any,..,51.42,65.74,..,..
Rwanda,RWA,Made a digital payment (% age 15+),g20.made.t.d,..,23.08,31.54,..,..
Rwanda,RWA,Saved any money (% age 15+),save.any,..,55.18,63.81,..,..
Saudi Arabia,SAU,Account (% age 15+),account.t.d,46.42,69.41,71.7,74.32,..
Saudi Arabia,SAU,"Account, female (% age 15+)",account.t.d.1,15.23,61.15,58.17,63.49,..
Saudi Arabia,SAU,"Account, male (% age 15+)",account.t.d.2,72.72,75.33,80.54,81.67,..
Saudi Arabia,SAU,Borrowed any money (% age 15+),borrow.any,..,56.5,54.31,59.73,..
Saudi Arabia,SAU,Made a digital payment (% age 15+),g20.made.t.d,..,45.52,57.47,72.11,..
Saudi Arabia,SAU,Saved any money (% age 15+),save.any,..,45.35,44.19,63.03,..
Senegal,SEN,Account (% age 15+),account.t.d,5.82,15.42,42.34,55.96,..
Senegal,SEN,"Account, female (% age 15+)",account.t.d.1,5.45,11.4,38.45,50.3,..
Senegal,SEN,"Account, male (% age 15+)",account.t.d.2,6.24,19.93,46.72,62.31,..
Senegal,SEN,Borrowed any money (% age 15+),borrow.any,..,56.72,45.03,51.78,..
Senegal,SEN,Made a digital payment (% age 15+),g20.made.t.d,..,9.6,34.67,50.53,..
Senegal,SEN,Saved any money (% age 15+),save.any,..,59.05,45.11,58.52,..
Serbia,SRB,Account (% age 15+),account.t.d,62.22,83.09,71.44,89.42,..
Serbia,SRB,"Account, female (% age 15+)",account.t.d.1,62.32,82.97,70.13,89.83,..
Serbia,SRB,"Account, male (% age 15+)",account.t.d.2,62.11,83.23,72.88,88.99,..
Serbia,SRB,Borrowed any money (% age 15+),borrow.any,..,40.61,40.51,50.12,..
Serbia,SRB,Made a digital payment (% age 15+),g20.made.t.d,..,44.23,49.79,59.1,..
Serbia,SRB,Saved any money (% age 15+),save.any,..,27.71,30.08,42.34,..
Sierra Leone,SLE,Account (% age 15+),account.t.d,15.34,15.58,19.81,28.85,..
Sierra Leone,SLE,"Account, female (% age 15+)",account.t.d.1,12.8,12.5,15.36,24.76,..
Sierra Leone,SLE,"Account, male (% age 15+)",account.t.d.2,18.05,18.93,24.77,33.35,..
Sierra Leone,SLE,Borrowed any money (% age 15+),borrow.any,..,57.56,49.02,53.75,..
Sierra Leone,SLE,Made a digital payment (% age 15+),g20.made.t.d,..,9.04,13.15,24.63,..
Sierra Leone,SLE,Saved any money (% age 15+),save.any,..,65.4,54.23,47.87,..
Singapore,SGP,Account (% age 15+),account.t.d,98.22,96.35,97.93,97.55,..
Singapore,SGP,"Account, female (% age 15+)",account.t.d.1,98.21,96.07,96.31,96.87,..
Singapore,SGP,"Account, male (% age 15+)",account.t.d.2,98.23,96.64,99.68,98.27,..
Singapore,SGP,Borrowed any money (% age 15+),borrow.any,..,41.91,50.45,46.18,..
Singapore,SGP,Made a digital payment (% age 15+),g20.made.t.d,..,85.44,84.44,91.04,..
Singapore,SGP,Saved any money (% age 15+),save.any,..,73.36,76.88,85.52,..
Slovak Republic,SVK,Account (% age 15+),account.t.d,79.58,77.24,84.18,95.62,..
Slovak Republic,SVK,"Account, female (% age 15+)",account.t.d.1,78.92,79.97,83.13,94.01,..
Slovak Republic,SVK,"Account, male (% age 15+)",account.t.d.2,80.33,74.29,85.32,97.36,..
Slovak Republic,SVK,Borrowed any money (% age 15+),borrow.any,..,40.06,39.8,45.35,..
Slovak Republic,SVK,Made a digital payment (% age 15+),g20.made.t.d,..,69.47,75.9,92.67,..
Slovak Republic,SVK,Saved any money (% age 15+),save.any,..,62.49,64.75,78.51,..
Slovenia,SVN,Account (% age 15+),account.t.d,97.14,97.24,97.53,99.05,..
Slovenia,SVN,"Account, female (% age 15+)",account.t.d.1,98.11,96.98,96.94,98.15,..
Slovenia,SVN,"Account, male (% age 15+)",account.t.d.2,96.06,97.53,98.16,100,..
Slovenia,SVN,Borrowed any money (% age 15+),borrow.any,..,52.99,48.09,53.92,..
Slovenia,SVN,Made a digital payment (% age 15+),g20.made.t.d,..,82.28,89.93,93.61,..
Slovenia,SVN,Saved any money (% age 15+),save.any,..,65.65,67.38,64.91,..
Somalia,SOM,Account (% age 15+),account.t.d,..,38.66,..,..,..
Somalia,SOM,"Account, female (% age 15+)",account.t.d.1,..,33.66,..,..,..
Somalia,SOM,"Account, male (% age 15+)",account.t.d.2,..,43.57,..,..,..
Somalia,SOM,Borrowed any money (% age 15+),borrow.any,..,56.98,..,..,..
Somalia,SOM,Made a digital payment (% age 15+),g20.made.t.d,..,35.14,..,..,..
Somalia,SOM,Saved any money (% age 15+),save.any,..,37.2,..,..,..
South Africa,ZAF,Account (% age 15+),account.t.d,53.65,70.32,69.22,85.38,..
South Africa,ZAF,"Account, female (% age 15+)",account.t.d.1,51.02,70.36,69.99,86.18,..
South Africa,ZAF,"Account, male (% age 15+)",account.t.d.2,56.38,70.27,68.4,84.56,..
South Africa,ZAF,Borrowed any money (% age 15+),borrow.any,..,86.13,53.11,60.35,..
South Africa,ZAF,Made a digital payment (% age 15+),g20.made.t.d,..,52.7,43.08,70.47,..
South Africa,ZAF,Saved any money (% age 15+),save.any,..,66.36,59.33,62.29,..
South Sudan,SSD,Account (% age 15+),account.t.d,..,..,8.57,5.83,..
South Sudan,SSD,"Account, female (% age 15+)",account.t.d.1,..,..,4.71,4.19,..
South Sudan,SSD,"Account, male (% age 15+)",account.t.d.2,..,..,12.5,7.71,..
South Sudan,SSD,Borrowed any money (% age 15+),borrow.any,..,..,38.47,36.92,..
South Sudan,SSD,Made a digital payment (% age 15+),g20.made.t.d,..,..,4.59,3.53,..
South Sudan,SSD,Saved any money (% age 15+),save.any,..,..,33.72,17.2,..
Spain,ESP,Account (% age 15+),account.t.d,93.28,97.58,93.76,98.3,..
Spain,ESP,"Account, female (% age 15+)",account.t.d.1,91.66,97.57,91.64,97.49,..
Spain,ESP,"Account, male (% age 15+)",account.t.d.2,95.2,97.58,95.88,99.11,..
Spain,ESP,Borrowed any money (% age 15+),borrow.any,..,68.88,59.56,57.91,..
Spain,ESP,Made a digital payment (% age 15+),g20.made.t.d,..,90.28,88.19,97.15,..
Spain,ESP,Saved any money (% age 15+),save.any,..,67.23,68.26,78.13,..
Sri Lanka,LKA,Account (% age 15+),account.t.d,68.53,82.69,73.65,89.27,..
Sri Lanka,LKA,"Account, female (% age 15+)",account.t.d.1,67.24,83.11,73.44,89.28,..
Sri Lanka,LKA,"Account, male (% age 15+)",account.t.d.2,69.99,82.23,73.89,89.26,..
Sri Lanka,LKA,Borrowed any money (% age 15+),borrow.any,..,30.71,34.64,41.95,..
Sri Lanka,LKA,Made a digital payment (% age 15+),g20.made.t.d,..,13.79,37.35,43.49,..
Sri Lanka,LKA,Saved any money (% age 15+),save.any,..,45.21,42.93,46.04,..
Sudan,SDN,Account (% age 15+),account.t.d,6.9,15.27,..,..,..
Sudan,SDN,"Account, female (% age 15+)",account.t.d.1,4.35,9.98,..,..,..
Sudan,SDN,"Account, male (% age 15+)",account.t.d.2,9.45,20.22,..,..,..
Sudan,SDN,Borrowed any money (% age 15+),borrow.any,..,45.5,..,..,..
Sudan,SDN,Made a digital payment (% age 15+),g20.made.t.d,..,10.73,..,..,..
Sudan,SDN,Saved any money (% age 15+),save.any,..,41.26,..,..,..
Sweden,SWE,Account (% age 15+),account.t.d,98.99,99.72,99.74,99.69,..
Sweden,SWE,"Account, female (% age 15+)",account.t.d.1,99.01,99.76,100,100,..
Sweden,SWE,"Account, male (% age 15+)",account.t.d.2,98.97,99.68,99.48,99.39,..
Sweden,SWE,Borrowed any money (% age 15+),borrow.any,..,63.45,54.16,56.91,..
Sweden,SWE,Made a digital payment (% age 15+),g20.made.t.d,..,97.72,97.51,98.41,..
Sweden,SWE,Saved any money (% age 15+),save.any,..,84.46,83.07,86.96,..
Switzerland,CHE,Account (% age 15+),account.t.d,..,97.99,98.43,99.49,..
Switzerland,CHE,"Account, female (% age 15+)",account.t.d.1,..,96.69,98.86,99.02,..
Switzerland,CHE,"Account, male (% age 15+)",account.t.d.2,..,99.36,97.98,100,..
Switzerland,CHE,Borrowed any money (% age 15+),borrow.any,..,61.8,66.92,68.49,..
Switzerland,CHE,Made a digital payment (% age 15+),g20.made.t.d,..,86.58,95.22,98.02,..
Switzerland,CHE,Saved any money (% age 15+),save.any,..,75.97,81.6,82.69,..
Syrian Arab Republic,SYR,Account (% age 15+),account.t.d,23.25,..,..,..,..
Syrian Arab Republic,SYR,"Account, female (% age 15+)",account.t.d.1,19.59,..,..,..,..
Syrian Arab Republic,SYR,"Account, male (% age 15+)",account.t.d.2,26.77,..,..,..,..
Syrian Arab Republic,SYR,Borrowed any money (% age 15+),borrow.any,..,..,..,..,..
Syrian Arab Republic,SYR,Made a digital payment (% age 15+),g20.made.t.d,..,..,..,..,..
Syrian Arab Republic,SYR,Saved any money (% age 15+),save.any,..,..,..,..,..
"Taiwan, China",TWN,Account (% age 15+),account.t.d,87.31,91.38,94.18,94.71,..
"Taiwan, China",TWN,"Account, female (% age 15+)",account.t.d.1,88.42,90.47,93.72,93.64,..
"Taiwan, China",TWN,"Account, male (% age 15+)",account.t.d.2,86.17,92.3,94.66,95.82,..
"Taiwan, China",TWN,Borrowed any money (% age 15+),borrow.any,..,61.55,58.65,66.62,..
"Taiwan, China",TWN,Made a digital payment (% age 15+),g20.made.t.d,..,69.29,69.32,80.69,..
"Taiwan, China",TWN,Saved any money (% age 15+),save.any,..,71.16,73.76,74.97,..
Tajikistan,TJK,Account (% age 15+),account.t.d,2.53,11.46,47.02,39.49,..
Tajikistan,TJK,"Account, female (% age 15+)",account.t.d.1,2.14,9.09,42.13,39.41,..
Tajikistan,TJK,"Account, male (% age 15+)",account.t.d.2,2.96,13.9,52.09,39.57,..
Tajikistan,TJK,Borrowed any money (% age 15+),borrow.any,..,25.07,33.68,31.75,..
Tajikistan,TJK,Made a digital payment (% age 15+),g20.made.t.d,..,4.88,36.96,22.75,..
Tajikistan,TJK,Saved any money (% age 15+),save.any,..,31.32,32.8,18.27,..
Tanzania,TZA,Account (% age 15+),account.t.d,17.26,39.78,46.75,52.43,..
Tanzania,TZA,"Account, female (% age 15+)",account.t.d.1,13.82,34.33,42.15,46.03,..
Tanzania,TZA,"Account, male (% age 15+)",account.t.d.2,20.79,45.45,51.55,59.37,..
Tanzania,TZA,Borrowed any money (% age 15+),borrow.any,..,55.74,41.23,46.97,..
Tanzania,TZA,Made a digital payment (% age 15+),g20.made.t.d,..,33.62,39.77,48.4,..
Tanzania,TZA,Saved any money (% age 15+),save.any,..,59.24,48.39,49.46,..
Thailand,THA,Account (% age 15+),account.t.d,72.67,78.14,81.59,95.58,..
Thailand,THA,"Account, female (% age 15+)",account.t.d.1,72.64,75.44,79.78,92.7,..
Thailand,THA,"Account, male (% age 15+)",account.t.d.2,72.7,81.24,83.69,98.61,..
Thailand,THA,Borrowed any money (% age 15+),borrow.any,..,52.06,47.46,55.89,..
Thailand,THA,Made a digital payment (% age 15+),g20.made.t.d,..,21.94,43.15,80.13,..
Thailand,THA,Saved any money (% age 15+),save.any,..,80.52,61.79,67.06,..
Togo,TGO,Account (% age 15+),account.t.d,10.19,18.25,45.29,49.61,..
Togo,TGO,"Account, female (% age 15+)",account.t.d.1,9.22,15.11,37.59,44.3,..
Togo,TGO,"Account, male (% age 15+)",account.t.d.2,11.19,21.49,53.05,55.22,..
Togo,TGO,Borrowed any money (% age 15+),borrow.any,..,28.62,40.28,49.08,..
Togo,TGO,Made a digital payment (% age 15+),g20.made.t.d,..,2.94,27.02,41.96,..
Togo,TGO,Saved any money (% age 15+),save.any,..,37.55,45.23,54.79,..
Trinidad and Tobago,TTO,Account (% age 15+),account.t.d,75.92,..,80.78,..,..
Trinidad and Tobago,TTO,"Account, female (% age 15+)",account.t.d.1,69.86,..,73.6,..,..
Trinidad and Tobago,TTO,"Account, male (% age 15+)",account.t.d.2,81.99,..,88.22,..,..
Trinidad and Tobago,TTO,Borrowed any money (% age 15+),borrow.any,..,..,46.55,..,..
Trinidad and Tobago,TTO,Made a digital payment (% age 15+),g20.made.t.d,..,..,50.02,..,..
Trinidad and Tobago,TTO,Saved any money (% age 15+),save.any,..,..,70.73,..,..
Tunisia,TUN,Account (% age 15+),account.t.d,..,27.43,36.91,36.85,..
Tunisia,TUN,"Account, female (% age 15+)",account.t.d.1,..,20.7,28.36,28.75,..
Tunisia,TUN,"Account, male (% age 15+)",account.t.d.2,..,34.25,45.73,45.14,..
Tunisia,TUN,Borrowed any money (% age 15+),borrow.any,..,37.22,45.09,50.58,..
Tunisia,TUN,Made a digital payment (% age 15+),g20.made.t.d,..,13.4,19.09,15.48,..
Tunisia,TUN,Saved any money (% age 15+),save.any,..,38.01,39.4,44.69,..
Turkiye,TUR,Account (% age 15+),account.t.d,57.6,56.68,68.59,74.09,..
Turkiye,TUR,"Account, female (% age 15+)",account.t.d.1,32.68,44.46,54.29,62.55,..
Turkiye,TUR,"Account, male (% age 15+)",account.t.d.2,82.06,69.16,82.99,85.34,..
Turkiye,TUR,Borrowed any money (% age 15+),borrow.any,..,61.06,59.15,64.98,..
Turkiye,TUR,Made a digital payment (% age 15+),g20.made.t.d,..,44.28,54.21,61.67,..
Turkiye,TUR,Saved any money (% age 15+),save.any,..,41.13,39.07,20.45,..
Turkmenistan,TKM,Account (% age 15+),account.t.d,0.4,..,40.58,..,..
Turkmenistan,TKM,"Account, female (% age 15+)",account.t.d.1,0.79,..,35.52,..,..
Turkmenistan,TKM,"Account, male (% age 15+)",account.t.d.2,0,..,45.71,..,..
Turkmenistan,TKM,Borrowed any money (% age 15+),borrow.any,..,..,36.94,..,..
Turkmenistan,TKM,Made a digital payment (% age 15+),g20.made.t.d,..,..,9.27,..,..
Turkmenistan,TKM,Saved any money (% age 15+),save.any,..,..,51.04,..,..
Uganda,UGA,Account (% age 15+),account.t.d,20.46,44.45,59.2,65.91,..
Uganda,UGA,"Account, female (% age 15+)",account.t.d.1,15.06,36.63,52.71,65.06,..
Uganda,UGA,"Account, male (% age 15+)",account.t.d.2,25.78,52.36,66.08,66.88,..
Uganda,UGA,Borrowed any money (% age 15+),borrow.any,..,78.97,66.13,75.13,..
Uganda,UGA,Made a digital payment (% age 15+),g20.made.t.d,..,38.71,51.27,60.57,..
Uganda,UGA,Saved any money (% age 15+),save.any,..,75.18,68.56,70.79,..
Ukraine,UKR,Account (% age 15+),account.t.d,41.27,52.71,62.9,83.56,..
Ukraine,UKR,"Account, female (% age 15+)",account.t.d.1,39.21,51.69,61.32,80.69,..
Ukraine,UKR,"Account, male (% age 15+)",account.t.d.2,43.88,54.02,65.03,87.07,..
Ukraine,UKR,Borrowed any money (% age 15+),borrow.any,..,41.5,46.86,56.46,..
Ukraine,UKR,Made a digital payment (% age 15+),g20.made.t.d,..,34.03,47.41,75.45,..
Ukraine,UKR,Saved any money (% age 15+),save.any,..,40.11,39.63,35.23,..
United Arab Emirates,ARE,Account (% age 15+),account.t.d,59.73,83.74,88.21,85.74,..
United Arab Emirates,ARE,"Account, female (% age 15+)",account.t.d.1,47.21,67.68,76.42,86.68,..
United Arab Emirates,ARE,"Account, male (% age 15+)",account.t.d.2,68.78,89.98,92.67,85.39,..
United Arab Emirates,ARE,Borrowed any money (% age 15+),borrow.any,..,63.84,63.86,43.51,..
United Arab Emirates,ARE,Made a digital payment (% age 15+),g20.made.t.d,..,68.29,76.07,75.05,..
United Arab Emirates,ARE,Saved any money (% age 15+),save.any,..,66.56,56.81,33.6,..
United Kingdom,GBR,Account (% age 15+),account.t.d,97.2,98.93,96.37,99.76,..
United Kingdom,GBR,"Account, female (% age 15+)",account.t.d.1,97.65,98.65,96.07,99.91,..
United Kingdom,GBR,"Account, male (% age 15+)",account.t.d.2,96.71,99.22,96.67,99.61,..
United Kingdom,GBR,Borrowed any money (% age 15+),borrow.any,..,70.26,74.61,61.83,..
United Kingdom,GBR,Made a digital payment (% age 15+),g20.made.t.d,..,95.59,94.16,98.59,..
United Kingdom,GBR,Saved any money (% age 15+),save.any,..,71.28,73.95,81.76,..
United States,USA,Account (% age 15+),account.t.d,87.96,93.58,93.12,94.95,..
United States,USA,"Account, female (% age 15+)",account.t.d.1,84.07,94.8,92.69,96.79,..
United States,USA,"Account, male (% age 15+)",account.t.d.2,91.98,92.36,93.57,93.09,..
United States,USA,Borrowed any money (% age 15+),borrow.any,..,77.37,77.43,76.18,..
United States,USA,Made a digital payment (% age 15+),g20.made.t.d,..,88.28,89,91.31,..
United States,USA,Saved any money (% age 15+),save.any,..,75.64,79.34,78.61,..
Uruguay,URY,Account (% age 15+),account.t.d,23.54,45.59,63.87,74.13,..
Uruguay,URY,"Account, female (% age 15+)",account.t.d.1,23.83,41.27,60.63,75.73,..
Uruguay,URY,"Account, male (% age 15+)",account.t.d.2,23.21,50.56,67.61,72.35,..
Uruguay,URY,Borrowed any money (% age 15+),borrow.any,..,55.56,53.73,55.78,..
Uruguay,URY,Made a digital payment (% age 15+),g20.made.t.d,..,32.82,52.63,60.14,..
Uruguay,URY,Saved any money (% age 15+),save.any,..,38.52,37.26,37.87,..
Uzbekistan,UZB,Account (% age 15+),account.t.d,22.5,40.71,37.09,44.13,..
Uzbekistan,UZB,"Account, female (% age 15+)",account.t.d.1,21.29,39.34,35.97,38.82,..
Uzbekistan,UZB,"Account, male (% age 15+)",account.t.d.2,23.82,42.19,38.33,50.24,..
Uzbekistan,UZB,Borrowed any money (% age 15+),borrow.any,..,17.36,19.99,30.27,..
Uzbekistan,UZB,Made a digital payment (% age 15+),g20.made.t.d,..,36.41,31.69,39.32,..
Uzbekistan,UZB,Saved any money (% age 15+),save.any,..,43.47,38.51,27.88,..
"Venezuela, RB",VEN,Account (% age 15+),account.t.d,44.12,57.03,73.49,84.39,..
"Venezuela, RB",VEN,"Account, female (% age 15+)",account.t.d.1,36.15,53.26,70.04,79.67,..
"Venezuela, RB",VEN,"Account, male (% age 15+)",account.t.d.2,53.06,61.11,77.31,89.06,..
"Venezuela, RB",VEN,Borrowed any money (% age 15+),borrow.any,..,37.76,44.3,43.99,..
"Venezuela, RB",VEN,Made a digital payment (% age 15+),g20.made.t.d,..,47.56,64.81,79.25,..
"Venezuela, RB",VEN,Saved any money (% age 15+),save.any,..,47.15,41.49,37.28,..
Vietnam,VNM,Account (% age 15+),account.t.d,21.37,30.95,30.8,..,56.27
Vietnam,VNM,"Account, female (% age 15+)",account.t.d.1,18.91,32.03,30.42,..,52.78
Vietnam,VNM,"Account, male (% age 15+)",account.t.d.2,24,29.82,31.21,..,59.96
Vietnam,VNM,Borrowed any money (% age 15+),borrow.any,..,47.45,49.02,..,27.54
Vietnam,VNM,Made a digital payment (% age 15+),g20.made.t.d,..,10.59,16.1,..,41.98
Vietnam,VNM,Saved any money (% age 15+),save.any,..,63.3,57.4,..,52.4
West Bank and Gaza,PSE,Account (% age 15+),account.t.d,19.43,24.24,25.02,33.64,..
West Bank and Gaza,PSE,"Account, female (% age 15+)",account.t.d.1,10.19,21.21,15.91,25.93,..
West Bank and Gaza,PSE,"Account, male (% age 15+)",account.t.d.2,28.67,27.34,34.44,41.44,..
West Bank and Gaza,PSE,Borrowed any money (% age 15+),borrow.any,..,39.29,28.71,41.68,..
West Bank and Gaza,PSE,Made a digital payment (% age 15+),g20.made.t.d,..,7.87,8.21,13.71,..
West Bank and Gaza,PSE,Saved any money (% age 15+),save.any,..,22.94,26.88,28,..
"Yemen, Rep.",YEM,Account (% age 15+),account.t.d,3.66,6.45,..,..,11.9
"Yemen, Rep.",YEM,"Account, female (% age 15+)",account.t.d.1,1.09,1.67,..,..,5.44
"Yemen, Rep.",YEM,"Account, male (% age 15+)",account.t.d.2,6.36,11.39,..,..,18.35
"Yemen, Rep.",YEM,Borrowed any money (% age 15+),borrow.any,..,65.98,..,..,51.28
"Yemen, Rep.",YEM,Made a digital payment (% age 15+),g20.made.t.d,..,0.69,..,..,4.35
"Yemen, Rep.",YEM,Saved any money (% age 15+),save.any,..,20.64,..,..,21.64
Zambia,ZMB,Account (% age 15+),account.t.d,21.36,35.64,45.86,48.52,..
Zambia,ZMB,"Account, female (% age 15+)",account.t.d.1,23.34,33.25,40.28,44.98,..
Zambia,ZMB,"Account, male (% age 15+)",account.t.d.2,19.39,38.14,51.68,52.48,..
Zambia,ZMB,Borrowed any money (% age 15+),borrow.any,..,68.13,48.75,59.32,..
Zambia,ZMB,Made a digital payment (% age 15+),g20.made.t.d,..,22.36,33.12,44.44,..
Zambia,ZMB,Saved any money (% age 15+),save.any,..,70.12,58.74,50.14,..
Zimbabwe,ZWE,Account (% age 15+),account.t.d,39.65,32.39,55.29,59.75,..
Zimbabwe,ZWE,"Account, female (% age 15+)",account.t.d.1,37.12,28.98,51.66,53.98,..
Zimbabwe,ZWE,"Account, male (% age 15+)",account.t.d.2,42.55,35.95,59.23,65.86,..
Zimbabwe,ZWE,Borrowed any money (% age 15+),borrow.any,..,62.51,47.54,53.11,..
Zimbabwe,ZWE,Made a digital payment (% age 15+),g20.made.t.d,..,27.63,49.2,55.73,..
Zimbabwe,ZWE,Saved any money (% age 15+),save.any,..,51.97,53.59,51.95,..
Arab World,ARB,Account (% age 15+),account.t.d,22.48,30.47,37.23,40.21,..
Arab World,ARB,"Account, female (% age 15+)",account.t.d.1,13.93,22.22,25.68,31.26,..
Arab World,ARB,"Account, male (% age 15+)",account.t.d.2,30.66,38.03,48.4,48.27,..
Arab World,ARB,Borrowed any money (% age 15+),borrow.any,..,45.41,39.16,48.82,..
Arab World,ARB,Made a digital payment (% age 15+),g20.made.t.d,..,15.71,16.15,22.15,..
Arab World,ARB,Saved any money (% age 15+),save.any,..,37.75,30.92,35.1,..
East Asia & Pacific,EAS,Account (% age 15+),account.t.d,59.81,71.86,73.39,82.85,..
East Asia & Pacific,EAS,"Account, female (% age 15+)",account.t.d.1,57.5,70.24,71.17,81.38,..
East Asia & Pacific,EAS,"Account, male (% age 15+)",account.t.d.2,62.15,73.49,75.66,84.24,..
East Asia & Pacific,EAS,Borrowed any money (% age 15+),borrow.any,..,48.38,48.55,54.65,..
East Asia & Pacific,EAS,Made a digital payment (% age 15+),g20.made.t.d,..,37.52,53.81,74.95,..
East Asia & Pacific,EAS,Saved any money (% age 15+),save.any,..,71.25,54.74,60.98,..
East Asia & Pacific (excluding high income),EAP,Account (% age 15+),account.t.d,54.99,68.92,70.37,80.78,..
East Asia & Pacific (excluding high income),EAP,"Account, female (% age 15+)",account.t.d.1,52.18,66.97,67.73,78.97,..
East Asia & Pacific (excluding high income),EAP,"Account, male (% age 15+)",account.t.d.2,57.83,70.86,73.04,82.47,..
East Asia & Pacific (excluding high income),EAP,Borrowed any money (% age 15+),borrow.any,..,46.57,46.83,53,..
East Asia & Pacific (excluding high income),EAP,Made a digital payment (% age 15+),g20.made.t.d,..,32.14,49.56,72.81,..
East Asia & Pacific (excluding high income),EAP,Saved any money (% age 15+),save.any,..,70.99,52.15,58.62,..
Euro area,EMU,Account (% age 15+),account.t.d,90.42,94.68,95.3,98.51,..
Euro area,EMU,"Account, female (% age 15+)",account.t.d.1,88.75,93.84,94,98.31,..
Euro area,EMU,"Account, male (% age 15+)",account.t.d.2,92.36,95.57,96.68,98.7,..
Euro area,EMU,Borrowed any money (% age 15+),borrow.any,..,55.71,55.44,57.01,..
Euro area,EMU,Made a digital payment (% age 15+),g20.made.t.d,..,83.37,89.5,96.45,..
Euro area,EMU,Saved any money (% age 15+),save.any,..,67.04,66.9,76.51,..
Europe & Central Asia,ECS,Account (% age 15+),account.t.d,69.34,77.79,81.49,89.57,..
Europe & Central Asia,ECS,"Account, female (% age 15+)",account.t.d.1,66.45,76.2,79.43,88.02,..
Europe & Central Asia,ECS,"Account, male (% age 15+)",account.t.d.2,72.68,79.54,83.77,91.23,..
Europe & Central Asia,ECS,Borrowed any money (% age 15+),borrow.any,..,50.01,51.21,54.25,..
Europe & Central Asia,ECS,Made a digital payment (% age 15+),g20.made.t.d,..,62.81,71.59,83.8,..
Europe & Central Asia,ECS,Saved any money (% age 15+),save.any,..,54.34,53.73,57.94,..
Europe & Central Asia (excluding high income),ECA,Account (% age 15+),account.t.d,44.39,57.56,65.14,77.79,..
Europe & Central Asia (excluding high income),ECA,"Account, female (% age 15+)",account.t.d.1,39.75,56.27,62.32,74.86,..
Europe & Central Asia (excluding high income),ECA,"Account, male (% age 15+)",account.t.d.2,49.79,59.07,68.38,81.05,..
Europe & Central Asia (excluding high income),ECA,Borrowed any money (% age 15+),borrow.any,..,41.98,43.9,51.36,..
Europe & Central Asia (excluding high income),ECA,Made a digital payment (% age 15+),g20.made.t.d,..,37.58,49.48,67.2,..
Europe & Central Asia (excluding high income),ECA,Saved any money (% age 15+),save.any,..,39.18,36.9,33.37,..
High income,HIC,Account (% age 15+),account.t.d,88.24,92.79,93.67,96.36,..
High income,HIC,"Account, female (% age 15+)",account.t.d.1,86.2,92.41,92.88,96.72,..
High income,HIC,"Account, male (% age 15+)",account.t.d.2,90.44,93.19,94.5,96,..
High income,HIC,Borrowed any money (% age 15+),borrow.any,..,64.11,64.38,64.86,..
High income,HIC,Made a digital payment (% age 15+),g20.made.t.d,..,82.27,87.18,92.42,..
High income,HIC,Saved any money (% age 15+),save.any,..,69.54,71.29,76.14,..
Latin America & Caribbean,LCN,Account (% age 15+),account.t.d,39.47,52.02,55.24,73.55,..
Latin America & Caribbean,LCN,"Account, female (% age 15+)",account.t.d.1,35.11,49.19,52.13,70.14,..
Latin America & Caribbean,LCN,"Account, male (% age 15+)",account.t.d.2,44.16,55.04,58.68,76.97,..
Latin America & Caribbean,LCN,Borrowed any money (% age 15+),borrow.any,..,42.41,37.95,51.32,..
Latin America & Caribbean,LCN,Made a digital payment (% age 15+),g20.made.t.d,..,34.15,36.29,59.18,..
Latin America & Caribbean,LCN,Saved any money (% age 15+),save.any,..,40.29,37.6,42.08,..
Latin America & Caribbean (excluding high income),LAC,Account (% age 15+),account.t.d,39.39,51.56,54.49,72.95,..
Latin America & Caribbean (excluding high income),LAC,"Account, female (% age 15+)",account.t.d.1,34.91,48.78,51.38,69.32,..
Latin America & Caribbean (excluding high income),LAC,"Account, male (% age 15+)",account.t.d.2,44.21,54.52,57.91,76.56,..
Latin America & Caribbean (excluding high income),LAC,Borrowed any money (% age 15+),borrow.any,..,42.44,37.58,51.62,..
Latin America & Caribbean (excluding high income),LAC,Made a digital payment (% age 15+),g20.made.t.d,..,33.58,35.48,58.35,..
Latin America & Caribbean (excluding high income),LAC,Saved any money (% age 15+),save.any,..,40.42,37.13,41.4,..
Low & middle income,LMY,Account (% age 15+),account.t.d,41.66,54.99,62.98,71.38,..
Low & middle income,LMY,"Account, female (% age 15+)",account.t.d.1,36.92,50.66,58.64,68.47,..
Low & middle income,LMY,"Account, male (% age 15+)",account.t.d.2,46.48,59.36,67.41,74.2,..
Low & middle income,LMY,Borrowed any money (% age 15+),borrow.any,..,47.48,43.8,50.07,..
Low & middle income,LMY,Made a digital payment (% age 15+),g20.made.t.d,..,26.08,35.57,50.79,..
Low & middle income,LMY,Saved any money (% age 15+),save.any,..,53.25,43.11,42.37,..
Low income,LIC,Account (% age 15+),account.t.d,10.05,18.74,31.53,38.99,..
Low income,LIC,"Account, female (% age 15+)",account.t.d.1,7.59,15.32,26.33,34.5,..
Low income,LIC,"Account, male (% age 15+)",account.t.d.2,12.54,22.22,36.91,43.86,..
Low income,LIC,Borrowed any money (% age 15+),borrow.any,..,52.66,44.57,57.56,..
Low income,LIC,Made a digital payment (% age 15+),g20.made.t.d,..,9.52,18.43,32.71,..
Low income,LIC,Saved any money (% age 15+),save.any,..,49.03,47.44,43.96,..
Lower middle income,LMC,Account (% age 15+),account.t.d,30.45,43.7,58.27,62.38,..
Lower middle income,LMC,"Account, female (% age 15+)",account.t.d.1,24.75,37.47,53.42,59.23,..
Lower middle income,LMC,"Account, male (% age 15+)",account.t.d.2,36.15,49.89,63.17,65.49,..
Lower middle income,LMC,Borrowed any money (% age 15+),borrow.any,..,49.5,43.58,45.81,..
Lower middle income,LMC,Made a digital payment (% age 15+),g20.made.t.d,..,17.62,23.01,30.4,..
Lower middle income,LMC,Saved any money (% age 15+),save.any,..,45.33,40.1,32.55,..
Middle East & North Africa,MEA,Account (% age 15+),account.t.d,37.76,..,47.51,52.84,..
Middle East & North Africa,MEA,"Account, female (% age 15+)",account.t.d.1,28.35,..,37.99,45.55,..
Middle East & North Africa,MEA,"Account, male (% age 15+)",account.t.d.2,46.77,..,56.84,59.58,..
Middle East & North Africa,MEA,Borrowed any money (% age 15+),borrow.any,..,..,44.56,52.41,..
Middle East & North Africa,MEA,Made a digital payment (% age 15+),g20.made.t.d,..,..,27.66,36.83,..
Middle East & North Africa,MEA,Saved any money (% age 15+),save.any,..,..,33.44,38.59,..
Middle East & North Africa (excluding high income),MNA,Account (% age 15+),account.t.d,32.96,..,43.42,48.09,..
Middle East & North Africa (excluding high income),MNA,"Account, female (% age 15+)",account.t.d.1,25.59,..,34.91,41.69,..
Middle East & North Africa (excluding high income),MNA,"Account, male (% age 15+)",account.t.d.2,40.2,..,52.25,54.36,..
Middle East & North Africa (excluding high income),MNA,Borrowed any money (% age 15+),borrow.any,..,..,42.59,51.07,..
Middle East & North Africa (excluding high income),MNA,Made a digital payment (% age 15+),g20.made.t.d,..,..,22.68,30.07,..
Middle East & North Africa (excluding high income),MNA,Saved any money (% age 15+),save.any,..,..,31.28,35.15,..
Middle income,MIC,Account (% age 15+),account.t.d,43.33,57.26,64.86,72.37,..
Middle income,MIC,"Account, female (% age 15+)",account.t.d.1,38.46,52.88,60.59,69.57,..
Middle income,MIC,"Account, male (% age 15+)",account.t.d.2,48.26,61.67,69.23,75.07,..
Middle income,MIC,Borrowed any money (% age 15+),borrow.any,..,47.15,43.75,49.84,..
Middle income,MIC,Made a digital payment (% age 15+),g20.made.t.d,..,27.12,36.6,51.35,..
Middle income,MIC,Saved any money (% age 15+),save.any,..,53.52,42.85,42.32,..
North America,NAC,Account (% age 15+),account.t.d,88.77,94.16,93.81,95.45,..
North America,NAC,"Account, female (% age 15+)",account.t.d.1,85.45,95.27,93.44,97.08,..
North America,NAC,"Account, male (% age 15+)",account.t.d.2,92.22,93.03,94.19,93.79,..
North America,NAC,Borrowed any money (% age 15+),borrow.any,..,78.17,78.55,77.24,..
North America,NAC,Made a digital payment (% age 15+),g20.made.t.d,..,88.97,89.84,92.03,..
North America,NAC,Saved any money (% age 15+),save.any,..,76.32,79.42,78.56,..
OECD members,OED,Account (% age 15+),account.t.d,89.76,93.76,94.46,97.19,..
OECD members,OED,"Account, female (% age 15+)",account.t.d.1,88.16,93.51,93.84,97.68,..
OECD members,OED,"Account, male (% age 15+)",account.t.d.2,91.52,94.02,95.12,96.69,..
OECD members,OED,Borrowed any money (% age 15+),borrow.any,..,64.6,65.04,65.33,..
OECD members,OED,Made a digital payment (% age 15+),g20.made.t.d,..,84.06,88.88,93.65,..
OECD members,OED,Saved any money (% age 15+),save.any,..,70.42,72.46,77.19,..
South Asia,SAS,Account (% age 15+),account.t.d,32.33,46.49,69.46,67.89,..
South Asia,SAS,"Account, female (% age 15+)",account.t.d.1,24.27,37.49,64.05,65.83,..
South Asia,SAS,"Account, male (% age 15+)",account.t.d.2,40.17,55.19,74.74,69.85,..
South Asia,SAS,Borrowed any money (% age 15+),borrow.any,..,47.78,41.48,43.84,..
South Asia,SAS,Made a digital payment (% age 15+),g20.made.t.d,..,13.51,20.11,24.87,..
South Asia,SAS,Saved any money (% age 15+),save.any,..,36.29,33.18,22.65,..
Sub-Saharan Africa,SSF,Account (% age 15+),account.t.d,23.33,34.27,42.63,55.07,..
Sub-Saharan Africa,SSF,"Account, female (% age 15+)",account.t.d.1,20.87,30.01,36.93,49.04,..
Sub-Saharan Africa,SSF,"Account, male (% age 15+)",account.t.d.2,25.84,38.63,48.46,61.36,..
Sub-Saharan Africa,SSF,Borrowed any money (% age 15+),borrow.any,..,54.73,45.63,55.9,..
Sub-Saharan Africa,SSF,Made a digital payment (% age 15+),g20.made.t.d,..,22.85,29.07,45.88,..
Sub-Saharan Africa,SSF,Saved any money (% age 15+),save.any,..,59.55,54.47,55.79,..
Sub-Saharan Africa (excluding high income),SSA,Account (% age 15+),account.t.d,23.33,34.27,42.63,55.07,..
Sub-Saharan Africa (excluding high income),SSA,"Account, female (% age 15+)",account.t.d.1,20.87,30.01,36.93,49.04,..
Sub-Saharan Africa (excluding high income),SSA,"Account, male (% age 15+)",account.t.d.2,25.84,38.63,48.46,61.36,..
Sub-Saharan Africa (excluding high income),SSA,Borrowed any money (% age 15+),borrow.any,..,54.73,45.63,55.9,..
Sub-Saharan Africa (excluding high income),SSA,Made a digital payment (% age 15+),g20.made.t.d,..,22.85,29.07,45.88,..
Sub-Saharan Africa (excluding high income),SSA,Saved any money (% age 15+),save.any,..,59.55,54.47,55.79,..
Upper middle income,UMC,Account (% age 15+),account.t.d,56.56,70.93,72.35,84.33,..
Upper middle income,UMC,"Account, female (% age 15+)",account.t.d.1,52.32,68.23,68.65,82.26,..
Upper middle income,UMC,"Account, male (% age 15+)",account.t.d.2,60.93,73.68,76.18,86.27,..
Upper middle income,UMC,Borrowed any money (% age 15+),borrow.any,..,44.79,43.95,54.67,..
Upper middle income,UMC,Made a digital payment (% age 15+),g20.made.t.d,..,36.69,52.03,76.42,..
Upper middle income,UMC,Saved any money (% age 15+),save.any,..,61.77,45.98,54.02,..
World,WLD,Account (% age 15+),account.t.d,50.63,61.92,68.5,76.2,..
World,WLD,"Account, female (% age 15+)",account.t.d.1,46.62,58.4,64.85,73.99,..
World,WLD,"Account, male (% age 15+)",account.t.d.2,54.75,65.49,72.24,78.35,..
World,WLD,Borrowed any money (% age 15+),borrow.any,..,50.49,47.47,52.87,..
World,WLD,Made a digital payment (% age 15+),g20.made.t.d,..,36.46,44.9,58.84,..
World,WLD,Saved any money (% age 15+),save.any,..,56.21,48.13,48.79,..
,,,,,,,,
,,,,,,,,
,,,,,,,,
Data from database: Global Financial Inclusion,,,,,,,,
Last Updated: 03/28/2024,,,,,,,,
